{
  "__type__": "cc.SpriteFrame",
  "content": {
    "name": "ani_line_y_slow_12",
    "atlas": "",
    "rect": {
      "x": 4,
      "y": 7,
      "width": 68,
      "height": 63
    },
    "offset": {
      "x": 2,
      "y": -2.5
    },
    "originalSize": {
      "width": 72,
      "height": 72
    },
    "rotated": false,
    "capInsets": [
      0,
      0,
      0,
      0
    ],
    "vertices": {
      "rawPosition": [
        -34,
        -31.5,
        0,
        34,
        -31.5,
        0,
        -34,
        31.5,
        0,
        34,
        31.5,
        0
      ],
      "indexes": [
        0,
        1,
        2,
        2,
        1,
        3
      ],
      "uv": [
        4,
        65,
        72,
        65,
        4,
        2,
        72,
        2
      ],
      "nuv": [
        0.05555555555555555,
        0.027777777777777776,
        1,
        0.027777777777777776,
        0.05555555555555555,
        0.9027777777777778,
        1,
        0.9027777777777778
      ],
      "minPos": {
        "x": -34,
        "y": -31.5,
        "z": 0
      },
      "maxPos": {
        "x": 34,
        "y": 31.5,
        "z": 0
      }
    },
    "texture": "082e1773-6f35-4f06-829c-114872db6c10@6c48a",
    "packable": true,
    "pixelsToUnit": 100,
    "pivot": {
      "x": 0.5,
      "y": 0.5
    },
    "meshType": 0
  }
}