{
  "__type__": "cc.SpriteFrame",
  "content": {
    "name": "Character",
    "atlas": "",
    "rect": {
      "x": 1,
      "y": 0,
      "width": 198,
      "height": 250
    },
    "offset": {
      "x": 0,
      "y": 0
    },
    "originalSize": {
      "width": 200,
      "height": 250
    },
    "rotated": false,
    "capInsets": [
      0,
      0,
      0,
      0
    ],
    "vertices": {
      "rawPosition": [
        -99,
        -125,
        0,
        99,
        -125,
        0,
        -99,
        125,
        0,
        99,
        125,
        0
      ],
      "indexes": [
        0,
        1,
        2,
        2,
        1,
        3
      ],
      "uv": [
        1,
        250,
        199,
        250,
        1,
        0,
        199,
        0
      ],
      "nuv": [
        0.005,
        0,
        0.995,
        0,
        0.005,
        1,
        0.995,
        1
      ],
      "minPos": {
        "x": -99,
        "y": -125,
        "z": 0
      },
      "maxPos": {
        "x": 99,
        "y": 125,
        "z": 0
      }
    },
    "texture": "08825dbd-1921-4cea-b8c4-ac1d448779a5@6c48a",
    "packable": true,
    "pixelsToUnit": 100,
    "pivot": {
      "x": 0.5,
      "y": 0.5
    },
    "meshType": 0
  }
}