{
  "__type__": "cc.SpriteFrame",
  "content": {
    "name": "n_2",
    "atlas": "",
    "rect": {
      "x": 6,
      "y": 5,
      "width": 63,
      "height": 65
    },
    "offset": {
      "x": 1.5,
      "y": -1.5
    },
    "originalSize": {
      "width": 72,
      "height": 72
    },
    "rotated": false,
    "capInsets": [
      0,
      0,
      0,
      0
    ],
    "vertices": {
      "rawPosition": [
        -31.5,
        -32.5,
        0,
        31.5,
        -32.5,
        0,
        -31.5,
        32.5,
        0,
        31.5,
        32.5,
        0
      ],
      "indexes": [
        0,
        1,
        2,
        2,
        1,
        3
      ],
      "uv": [
        6,
        67,
        69,
        67,
        6,
        2,
        69,
        2
      ],
      "nuv": [
        0.08333333333333333,
        0.027777777777777776,
        0.9583333333333334,
        0.027777777777777776,
        0.08333333333333333,
        0.9305555555555556,
        0.9583333333333334,
        0.9305555555555556
      ],
      "minPos": {
        "x": -31.5,
        "y": -32.5,
        "z": 0
      },
      "maxPos": {
        "x": 31.5,
        "y": 32.5,
        "z": 0
      }
    },
    "texture": "bf63bb22-b33d-42c0-8605-fdc9070cb826@6c48a",
    "packable": true,
    "pixelsToUnit": 100,
    "pivot": {
      "x": 0.5,
      "y": 0.5
    },
    "meshType": 0
  }
}