{
  "__type__": "cc.SpriteFrame",
  "content": {
    "name": "Move",
    "atlas": "",
    "rect": {
      "x": 0,
      "y": 0,
      "width": 175,
      "height": 110
    },
    "offset": {
      "x": 0,
      "y": 0
    },
    "originalSize": {
      "width": 175,
      "height": 110
    },
    "rotated": false,
    "capInsets": [
      0,
      0,
      0,
      0
    ],
    "vertices": {
      "rawPosition": [
        -87.5,
        -55,
        0,
        87.5,
        -55,
        0,
        -87.5,
        55,
        0,
        87.5,
        55,
        0
      ],
      "indexes": [
        0,
        1,
        2,
        2,
        1,
        3
      ],
      "uv": [
        0,
        110,
        175,
        110,
        0,
        0,
        175,
        0
      ],
      "nuv": [
        0,
        0,
        1,
        0,
        0,
        1,
        1,
        1
      ],
      "minPos": {
        "x": -87.5,
        "y": -55,
        "z": 0
      },
      "maxPos": {
        "x": 87.5,
        "y": 55,
        "z": 0
      }
    },
    "texture": "8fe86108-b71e-440c-a39b-b2a236de57bf@6c48a",
    "packable": true,
    "pixelsToUnit": 100,
    "pivot": {
      "x": 0.5,
      "y": 0.5
    },
    "meshType": 0
  }
}