{
  "__type__": "cc.SpriteFrame",
  "content": {
    "name": "ani_line_x_slow_13",
    "atlas": "",
    "rect": {
      "x": 6,
      "y": 5,
      "width": 65,
      "height": 67
    },
    "offset": {
      "x": 2.5,
      "y": -2.5
    },
    "originalSize": {
      "width": 72,
      "height": 72
    },
    "rotated": false,
    "capInsets": [
      0,
      0,
      0,
      0
    ],
    "vertices": {
      "rawPosition": [
        -32.5,
        -33.5,
        0,
        32.5,
        -33.5,
        0,
        -32.5,
        33.5,
        0,
        32.5,
        33.5,
        0
      ],
      "indexes": [
        0,
        1,
        2,
        2,
        1,
        3
      ],
      "uv": [
        6,
        67,
        71,
        67,
        6,
        0,
        71,
        0
      ],
      "nuv": [
        0.08333333333333333,
        0,
        0.9861111111111112,
        0,
        0.08333333333333333,
        0.9305555555555556,
        0.9861111111111112,
        0.9305555555555556
      ],
      "minPos": {
        "x": -32.5,
        "y": -33.5,
        "z": 0
      },
      "maxPos": {
        "x": 32.5,
        "y": 33.5,
        "z": 0
      }
    },
    "texture": "b880fc84-becf-4de8-b56b-01d1a7637629@6c48a",
    "packable": true,
    "pixelsToUnit": 100,
    "pivot": {
      "x": 0.5,
      "y": 0.5
    },
    "meshType": 0
  }
}