{
  "__type__": "cc.SpriteFrame",
  "content": {
    "name": "ani_line_x_slow_07",
    "atlas": "",
    "rect": {
      "x": 3,
      "y": 7,
      "width": 67,
      "height": 63
    },
    "offset": {
      "x": 0.5,
      "y": -2.5
    },
    "originalSize": {
      "width": 72,
      "height": 72
    },
    "rotated": false,
    "capInsets": [
      0,
      0,
      0,
      0
    ],
    "vertices": {
      "rawPosition": [
        -33.5,
        -31.5,
        0,
        33.5,
        -31.5,
        0,
        -33.5,
        31.5,
        0,
        33.5,
        31.5,
        0
      ],
      "indexes": [
        0,
        1,
        2,
        2,
        1,
        3
      ],
      "uv": [
        3,
        65,
        70,
        65,
        3,
        2,
        70,
        2
      ],
      "nuv": [
        0.041666666666666664,
        0.027777777777777776,
        0.9722222222222222,
        0.027777777777777776,
        0.041666666666666664,
        0.9027777777777778,
        0.9722222222222222,
        0.9027777777777778
      ],
      "minPos": {
        "x": -33.5,
        "y": -31.5,
        "z": 0
      },
      "maxPos": {
        "x": 33.5,
        "y": 31.5,
        "z": 0
      }
    },
    "texture": "d06366d8-045f-460b-b091-d532741b68db@6c48a",
    "packable": true,
    "pixelsToUnit": 100,
    "pivot": {
      "x": 0.5,
      "y": 0.5
    },
    "meshType": 0
  }
}