{
  "__type__": "cc.SpriteFrame",
  "content": {
    "name": "ani_line_x_slow_09",
    "atlas": "",
    "rect": {
      "x": 7,
      "y": 4,
      "width": 60,
      "height": 68
    },
    "offset": {
      "x": 1,
      "y": -2
    },
    "originalSize": {
      "width": 72,
      "height": 72
    },
    "rotated": false,
    "capInsets": [
      0,
      0,
      0,
      0
    ],
    "vertices": {
      "rawPosition": [
        -30,
        -34,
        0,
        30,
        -34,
        0,
        -30,
        34,
        0,
        30,
        34,
        0
      ],
      "indexes": [
        0,
        1,
        2,
        2,
        1,
        3
      ],
      "uv": [
        7,
        68,
        67,
        68,
        7,
        0,
        67,
        0
      ],
      "nuv": [
        0.09722222222222222,
        0,
        0.9305555555555556,
        0,
        0.09722222222222222,
        0.9444444444444444,
        0.9305555555555556,
        0.9444444444444444
      ],
      "minPos": {
        "x": -30,
        "y": -34,
        "z": 0
      },
      "maxPos": {
        "x": 30,
        "y": 34,
        "z": 0
      }
    },
    "texture": "d0863e7d-1cfb-4b47-9866-60fc9b22aaab@6c48a",
    "packable": true,
    "pixelsToUnit": 100,
    "pivot": {
      "x": 0.5,
      "y": 0.5
    },
    "meshType": 0
  }
}