{
  "__type__": "cc.SpriteFrame",
  "content": {
    "name": "ani_line_y_slow_04",
    "atlas": "",
    "rect": {
      "x": 4,
      "y": 5,
      "width": 68,
      "height": 66
    },
    "offset": {
      "x": 2,
      "y": -2
    },
    "originalSize": {
      "width": 72,
      "height": 72
    },
    "rotated": false,
    "capInsets": [
      0,
      0,
      0,
      0
    ],
    "vertices": {
      "rawPosition": [
        -34,
        -33,
        0,
        34,
        -33,
        0,
        -34,
        33,
        0,
        34,
        33,
        0
      ],
      "indexes": [
        0,
        1,
        2,
        2,
        1,
        3
      ],
      "uv": [
        4,
        67,
        72,
        67,
        4,
        1,
        72,
        1
      ],
      "nuv": [
        0.05555555555555555,
        0.013888888888888888,
        1,
        0.013888888888888888,
        0.05555555555555555,
        0.9305555555555556,
        1,
        0.9305555555555556
      ],
      "minPos": {
        "x": -34,
        "y": -33,
        "z": 0
      },
      "maxPos": {
        "x": 34,
        "y": 33,
        "z": 0
      }
    },
    "texture": "11841f5f-5503-4283-b8e5-33b0c4d23ae9@6c48a",
    "packable": true,
    "pixelsToUnit": 100,
    "pivot": {
      "x": 0.5,
      "y": 0.5
    },
    "meshType": 0
  }
}