{
  "__type__": "cc.SpriteFrame",
  "content": {
    "name": "ani_rainbow_slow_02",
    "atlas": "",
    "rect": {
      "x": 6,
      "y": 4,
      "width": 64,
      "height": 68
    },
    "offset": {
      "x": 2,
      "y": -2
    },
    "originalSize": {
      "width": 72,
      "height": 72
    },
    "rotated": false,
    "capInsets": [
      0,
      0,
      0,
      0
    ],
    "vertices": {
      "rawPosition": [
        -32,
        -34,
        0,
        32,
        -34,
        0,
        -32,
        34,
        0,
        32,
        34,
        0
      ],
      "indexes": [
        0,
        1,
        2,
        2,
        1,
        3
      ],
      "uv": [
        6,
        68,
        70,
        68,
        6,
        0,
        70,
        0
      ],
      "nuv": [
        0.08333333333333333,
        0,
        0.9722222222222222,
        0,
        0.08333333333333333,
        0.9444444444444444,
        0.9722222222222222,
        0.9444444444444444
      ],
      "minPos": {
        "x": -32,
        "y": -34,
        "z": 0
      },
      "maxPos": {
        "x": 32,
        "y": 34,
        "z": 0
      }
    },
    "texture": "933c1e46-4b2a-498e-9078-935d8e20d893@6c48a",
    "packable": true,
    "pixelsToUnit": 100,
    "pivot": {
      "x": 0.5,
      "y": 0.5
    },
    "meshType": 0
  }
}