{
  "__type__": "cc.SpriteFrame",
  "content": {
    "name": "Top",
    "atlas": "",
    "rect": {
      "x": 0,
      "y": 0,
      "width": 640,
      "height": 201
    },
    "offset": {
      "x": 0,
      "y": 0
    },
    "originalSize": {
      "width": 640,
      "height": 201
    },
    "rotated": false,
    "capInsets": [
      0,
      0,
      0,
      0
    ],
    "vertices": {
      "rawPosition": [
        -320,
        -100.5,
        0,
        320,
        -100.5,
        0,
        -320,
        100.5,
        0,
        320,
        100.5,
        0
      ],
      "indexes": [
        0,
        1,
        2,
        2,
        1,
        3
      ],
      "uv": [
        0,
        201,
        640,
        201,
        0,
        0,
        640,
        0
      ],
      "nuv": [
        0,
        0,
        1,
        0,
        0,
        1,
        1,
        1
      ],
      "minPos": {
        "x": -320,
        "y": -100.5,
        "z": 0
      },
      "maxPos": {
        "x": 320,
        "y": 100.5,
        "z": 0
      }
    },
    "texture": "fed373b2-66cb-49c6-9107-ea3354cbbb20@6c48a",
    "packable": true,
    "pixelsToUnit": 100,
    "pivot": {
      "x": 0.5,
      "y": 0.5
    },
    "meshType": 0
  }
}