{
  "__type__": "cc.SpriteFrame",
  "content": {
    "name": "ani_line_y_slow_13",
    "atlas": "",
    "rect": {
      "x": 5,
      "y": 6,
      "width": 66,
      "height": 66
    },
    "offset": {
      "x": 2,
      "y": -3
    },
    "originalSize": {
      "width": 72,
      "height": 72
    },
    "rotated": false,
    "capInsets": [
      0,
      0,
      0,
      0
    ],
    "vertices": {
      "rawPosition": [
        -33,
        -33,
        0,
        33,
        -33,
        0,
        -33,
        33,
        0,
        33,
        33,
        0
      ],
      "indexes": [
        0,
        1,
        2,
        2,
        1,
        3
      ],
      "uv": [
        5,
        66,
        71,
        66,
        5,
        0,
        71,
        0
      ],
      "nuv": [
        0.06944444444444445,
        0,
        0.9861111111111112,
        0,
        0.06944444444444445,
        0.9166666666666666,
        0.9861111111111112,
        0.9166666666666666
      ],
      "minPos": {
        "x": -33,
        "y": -33,
        "z": 0
      },
      "maxPos": {
        "x": 33,
        "y": 33,
        "z": 0
      }
    },
    "texture": "ced81040-423c-4d28-b49d-4cfd994b583c@6c48a",
    "packable": true,
    "pixelsToUnit": 100,
    "pivot": {
      "x": 0.5,
      "y": 0.5
    },
    "meshType": 0
  }
}