{
  "__type__": "cc.SpriteFrame",
  "content": {
    "name": "n_green",
    "atlas": "",
    "rect": {
      "x": 8,
      "y": 4,
      "width": 60,
      "height": 68
    },
    "offset": {
      "x": 2,
      "y": -2
    },
    "originalSize": {
      "width": 72,
      "height": 72
    },
    "rotated": false,
    "capInsets": [
      0,
      0,
      0,
      0
    ],
    "vertices": {
      "rawPosition": [
        -30,
        -34,
        0,
        30,
        -34,
        0,
        -30,
        34,
        0,
        30,
        34,
        0
      ],
      "indexes": [
        0,
        1,
        2,
        2,
        1,
        3
      ],
      "uv": [
        8,
        68,
        68,
        68,
        8,
        0,
        68,
        0
      ],
      "nuv": [
        0.1111111111111111,
        0,
        0.9444444444444444,
        0,
        0.1111111111111111,
        0.9444444444444444,
        0.9444444444444444,
        0.9444444444444444
      ],
      "minPos": {
        "x": -30,
        "y": -34,
        "z": 0
      },
      "maxPos": {
        "x": 30,
        "y": 34,
        "z": 0
      }
    },
    "texture": "6fdcfa86-354b-441f-bb8e-38d9a13be71c@6c48a",
    "packable": true,
    "pixelsToUnit": 100,
    "pivot": {
      "x": 0.5,
      "y": 0.5
    },
    "meshType": 0
  }
}