{
  "__type__": "cc.SpriteFrame",
  "content": {
    "name": "ani_line_y_slow_06",
    "atlas": "",
    "rect": {
      "x": 7,
      "y": 2,
      "width": 63,
      "height": 70
    },
    "offset": {
      "x": 2.5,
      "y": -1
    },
    "originalSize": {
      "width": 72,
      "height": 72
    },
    "rotated": false,
    "capInsets": [
      0,
      0,
      0,
      0
    ],
    "vertices": {
      "rawPosition": [
        -31.5,
        -35,
        0,
        31.5,
        -35,
        0,
        -31.5,
        35,
        0,
        31.5,
        35,
        0
      ],
      "indexes": [
        0,
        1,
        2,
        2,
        1,
        3
      ],
      "uv": [
        7,
        70,
        70,
        70,
        7,
        0,
        70,
        0
      ],
      "nuv": [
        0.09722222222222222,
        0,
        0.9722222222222222,
        0,
        0.09722222222222222,
        0.9722222222222222,
        0.9722222222222222,
        0.9722222222222222
      ],
      "minPos": {
        "x": -31.5,
        "y": -35,
        "z": 0
      },
      "maxPos": {
        "x": 31.5,
        "y": 35,
        "z": 0
      }
    },
    "texture": "e38d153d-79e4-4293-b58d-b4c97bd5450a@6c48a",
    "packable": true,
    "pixelsToUnit": 100,
    "pivot": {
      "x": 0.5,
      "y": 0.5
    },
    "meshType": 0
  }
}