{
  "__type__": "cc.SpriteFrame",
  "content": {
    "name": "rock_1",
    "atlas": "",
    "rect": {
      "x": 7,
      "y": 5,
      "width": 62,
      "height": 67
    },
    "offset": {
      "x": 2,
      "y": -2.5
    },
    "originalSize": {
      "width": 72,
      "height": 72
    },
    "rotated": false,
    "capInsets": [
      0,
      0,
      0,
      0
    ],
    "vertices": {
      "rawPosition": [
        -31,
        -33.5,
        0,
        31,
        -33.5,
        0,
        -31,
        33.5,
        0,
        31,
        33.5,
        0
      ],
      "indexes": [
        0,
        1,
        2,
        2,
        1,
        3
      ],
      "uv": [
        7,
        67,
        69,
        67,
        7,
        0,
        69,
        0
      ],
      "nuv": [
        0.09722222222222222,
        0,
        0.9583333333333334,
        0,
        0.09722222222222222,
        0.9305555555555556,
        0.9583333333333334,
        0.9305555555555556
      ],
      "minPos": {
        "x": -31,
        "y": -33.5,
        "z": 0
      },
      "maxPos": {
        "x": 31,
        "y": 33.5,
        "z": 0
      }
    },
    "texture": "4d92cc3d-223a-4976-ad0c-47ed6cd44720@6c48a",
    "packable": true,
    "pixelsToUnit": 100,
    "pivot": {
      "x": 0.5,
      "y": 0.5
    },
    "meshType": 0
  }
}