{
  "__type__": "cc.SpriteFrame",
  "content": {
    "name": "ani_line_x_slow_01",
    "atlas": "",
    "rect": {
      "x": 5,
      "y": 4,
      "width": 64,
      "height": 68
    },
    "offset": {
      "x": 1,
      "y": -2
    },
    "originalSize": {
      "width": 72,
      "height": 72
    },
    "rotated": false,
    "capInsets": [
      0,
      0,
      0,
      0
    ],
    "vertices": {
      "rawPosition": [
        -32,
        -34,
        0,
        32,
        -34,
        0,
        -32,
        34,
        0,
        32,
        34,
        0
      ],
      "indexes": [
        0,
        1,
        2,
        2,
        1,
        3
      ],
      "uv": [
        5,
        68,
        69,
        68,
        5,
        0,
        69,
        0
      ],
      "nuv": [
        0.06944444444444445,
        0,
        0.9583333333333334,
        0,
        0.06944444444444445,
        0.9444444444444444,
        0.9583333333333334,
        0.9444444444444444
      ],
      "minPos": {
        "x": -32,
        "y": -34,
        "z": 0
      },
      "maxPos": {
        "x": 32,
        "y": 34,
        "z": 0
      }
    },
    "texture": "e2d8f819-bb61-43b8-bd3c-3243ab01b6da@6c48a",
    "packable": true,
    "pixelsToUnit": 100,
    "pivot": {
      "x": 0.5,
      "y": 0.5
    },
    "meshType": 0
  }
}