{
  "__type__": "cc.SpriteFrame",
  "content": {
    "name": "ani_line_x_slow_06",
    "atlas": "",
    "rect": {
      "x": 2,
      "y": 7,
      "width": 70,
      "height": 64
    },
    "offset": {
      "x": 1,
      "y": -3
    },
    "originalSize": {
      "width": 72,
      "height": 72
    },
    "rotated": false,
    "capInsets": [
      0,
      0,
      0,
      0
    ],
    "vertices": {
      "rawPosition": [
        -35,
        -32,
        0,
        35,
        -32,
        0,
        -35,
        32,
        0,
        35,
        32,
        0
      ],
      "indexes": [
        0,
        1,
        2,
        2,
        1,
        3
      ],
      "uv": [
        2,
        65,
        72,
        65,
        2,
        1,
        72,
        1
      ],
      "nuv": [
        0.027777777777777776,
        0.013888888888888888,
        1,
        0.013888888888888888,
        0.027777777777777776,
        0.9027777777777778,
        1,
        0.9027777777777778
      ],
      "minPos": {
        "x": -35,
        "y": -32,
        "z": 0
      },
      "maxPos": {
        "x": 35,
        "y": 32,
        "z": 0
      }
    },
    "texture": "58348d41-f2d9-4f24-9cef-9c9b3ab28ef6@6c48a",
    "packable": true,
    "pixelsToUnit": 100,
    "pivot": {
      "x": 0.5,
      "y": 0.5
    },
    "meshType": 0
  }
}