{
  "__type__": "cc.SpriteFrame",
  "content": {
    "name": "ani_line_y_slow_02",
    "atlas": "",
    "rect": {
      "x": 3,
      "y": 6,
      "width": 69,
      "height": 63
    },
    "offset": {
      "x": 1.5,
      "y": -1.5
    },
    "originalSize": {
      "width": 72,
      "height": 72
    },
    "rotated": false,
    "capInsets": [
      0,
      0,
      0,
      0
    ],
    "vertices": {
      "rawPosition": [
        -34.5,
        -31.5,
        0,
        34.5,
        -31.5,
        0,
        -34.5,
        31.5,
        0,
        34.5,
        31.5,
        0
      ],
      "indexes": [
        0,
        1,
        2,
        2,
        1,
        3
      ],
      "uv": [
        3,
        66,
        72,
        66,
        3,
        3,
        72,
        3
      ],
      "nuv": [
        0.041666666666666664,
        0.041666666666666664,
        1,
        0.041666666666666664,
        0.041666666666666664,
        0.9166666666666666,
        1,
        0.9166666666666666
      ],
      "minPos": {
        "x": -34.5,
        "y": -31.5,
        "z": 0
      },
      "maxPos": {
        "x": 34.5,
        "y": 31.5,
        "z": 0
      }
    },
    "texture": "2079f395-9ff3-4d86-b11c-3821a37f5ca2@6c48a",
    "packable": true,
    "pixelsToUnit": 100,
    "pivot": {
      "x": 0.5,
      "y": 0.5
    },
    "meshType": 0
  }
}