{
  "__type__": "cc.SpriteFrame",
  "content": {
    "name": "ani_line_x_slow_08",
    "atlas": "",
    "rect": {
      "x": 5,
      "y": 6,
      "width": 63,
      "height": 66
    },
    "offset": {
      "x": 0.5,
      "y": -3
    },
    "originalSize": {
      "width": 72,
      "height": 72
    },
    "rotated": false,
    "capInsets": [
      0,
      0,
      0,
      0
    ],
    "vertices": {
      "rawPosition": [
        -31.5,
        -33,
        0,
        31.5,
        -33,
        0,
        -31.5,
        33,
        0,
        31.5,
        33,
        0
      ],
      "indexes": [
        0,
        1,
        2,
        2,
        1,
        3
      ],
      "uv": [
        5,
        66,
        68,
        66,
        5,
        0,
        68,
        0
      ],
      "nuv": [
        0.06944444444444445,
        0,
        0.9444444444444444,
        0,
        0.06944444444444445,
        0.9166666666666666,
        0.9444444444444444,
        0.9166666666666666
      ],
      "minPos": {
        "x": -31.5,
        "y": -33,
        "z": 0
      },
      "maxPos": {
        "x": 31.5,
        "y": 33,
        "z": 0
      }
    },
    "texture": "7a803e18-745f-45e9-89f1-342b5cf74d01@6c48a",
    "packable": true,
    "pixelsToUnit": 100,
    "pivot": {
      "x": 0.5,
      "y": 0.5
    },
    "meshType": 0
  }
}