{
  "60a36d79-df5c-4fd7-bf3b-80aba6f489c6": {
    "url": "db://assets/UI",
    "value": {},
    "versionCode": 1
  },
  "c05e3d8c-181e-4279-a627-f6354c2b045c": {
    "url": "db://assets/UI/Background",
    "value": {},
    "versionCode": 1
  },
  "1f4fba63-9679-4e2f-b7fa-9e23989bf969": {
    "url": "db://assets/Scenes",
    "value": {},
    "versionCode": 1
  },
  "d40ebf95-4411-4d38-bc39-6cbe68dc81ae": {
    "url": "db://assets/Scripts",
    "value": {},
    "versionCode": 1
  },
  "47781677-2ff8-41b7-9147-737417015fd4": {
    "url": "db://assets/UI/Background/Background.png",
    "value": {
      "depends": []
    },
    "versionCode": 1
  },
  "47781677-2ff8-41b7-9147-737417015fd4@6c48a": {
    "url": "db://assets/UI/Background/Background.png@6c48a",
    "value": {
      "depends": [
        "47781677-2ff8-41b7-9147-737417015fd4"
      ]
    },
    "versionCode": 1
  },
  "47781677-2ff8-41b7-9147-737417015fd4@f9941": {
    "url": "db://assets/UI/Background/Background.png@f9941",
    "value": {
      "depends": [
        "47781677-2ff8-41b7-9147-737417015fd4@6c48a"
      ]
    },
    "versionCode": 1
  },
  "08825dbd-1921-4cea-b8c4-ac1d448779a5": {
    "url": "db://assets/UI/Background/Character.png",
    "value": {
      "depends": []
    },
    "versionCode": 1
  },
  "08825dbd-1921-4cea-b8c4-ac1d448779a5@6c48a": {
    "url": "db://assets/UI/Background/Character.png@6c48a",
    "value": {
      "depends": [
        "08825dbd-1921-4cea-b8c4-ac1d448779a5"
      ]
    },
    "versionCode": 1
  },
  "08825dbd-1921-4cea-b8c4-ac1d448779a5@f9941": {
    "url": "db://assets/UI/Background/Character.png@f9941",
    "value": {
      "depends": [
        "08825dbd-1921-4cea-b8c4-ac1d448779a5@6c48a"
      ]
    },
    "versionCode": 1
  },
  "88ca4580-b114-4d97-b327-6904e5006753": {
    "url": "db://assets/UI/Background/Goal.png",
    "value": {
      "depends": []
    },
    "versionCode": 1
  },
  "88ca4580-b114-4d97-b327-6904e5006753@6c48a": {
    "url": "db://assets/UI/Background/Goal.png@6c48a",
    "value": {
      "depends": [
        "88ca4580-b114-4d97-b327-6904e5006753"
      ]
    },
    "versionCode": 1
  },
  "88ca4580-b114-4d97-b327-6904e5006753@f9941": {
    "url": "db://assets/UI/Background/Goal.png@f9941",
    "value": {
      "depends": [
        "88ca4580-b114-4d97-b327-6904e5006753@6c48a"
      ]
    },
    "versionCode": 1
  },
  "8fe86108-b71e-440c-a39b-b2a236de57bf": {
    "url": "db://assets/UI/Background/Move.png",
    "value": {
      "depends": []
    },
    "versionCode": 1
  },
  "8fe86108-b71e-440c-a39b-b2a236de57bf@6c48a": {
    "url": "db://assets/UI/Background/Move.png@6c48a",
    "value": {
      "depends": [
        "8fe86108-b71e-440c-a39b-b2a236de57bf"
      ]
    },
    "versionCode": 1
  },
  "8fe86108-b71e-440c-a39b-b2a236de57bf@f9941": {
    "url": "db://assets/UI/Background/Move.png@f9941",
    "value": {
      "depends": [
        "8fe86108-b71e-440c-a39b-b2a236de57bf@6c48a"
      ]
    },
    "versionCode": 1
  },
  "a88efc95-3083-4fea-97ce-0d3affdcb135": {
    "url": "db://assets/UI/Background/Under.png",
    "value": {
      "depends": []
    },
    "versionCode": 1
  },
  "a88efc95-3083-4fea-97ce-0d3affdcb135@6c48a": {
    "url": "db://assets/UI/Background/Under.png@6c48a",
    "value": {
      "depends": [
        "a88efc95-3083-4fea-97ce-0d3affdcb135"
      ]
    },
    "versionCode": 1
  },
  "a88efc95-3083-4fea-97ce-0d3affdcb135@f9941": {
    "url": "db://assets/UI/Background/Under.png@f9941",
    "value": {
      "depends": [
        "a88efc95-3083-4fea-97ce-0d3affdcb135@6c48a"
      ]
    },
    "versionCode": 1
  },
  "fed373b2-66cb-49c6-9107-ea3354cbbb20": {
    "url": "db://assets/UI/Background/Top.png",
    "value": {
      "depends": []
    },
    "versionCode": 1
  },
  "fed373b2-66cb-49c6-9107-ea3354cbbb20@6c48a": {
    "url": "db://assets/UI/Background/Top.png@6c48a",
    "value": {
      "depends": [
        "fed373b2-66cb-49c6-9107-ea3354cbbb20"
      ]
    },
    "versionCode": 1
  },
  "fed373b2-66cb-49c6-9107-ea3354cbbb20@f9941": {
    "url": "db://assets/UI/Background/Top.png@f9941",
    "value": {
      "depends": [
        "fed373b2-66cb-49c6-9107-ea3354cbbb20@6c48a"
      ]
    },
    "versionCode": 1
  },
  "5b8fa15a-8fdb-47da-bbcb-b438ed48e403": {
    "url": "db://assets/UI/Background/Bottom.png",
    "value": {
      "depends": []
    },
    "versionCode": 1
  },
  "5b8fa15a-8fdb-47da-bbcb-b438ed48e403@6c48a": {
    "url": "db://assets/UI/Background/Bottom.png@6c48a",
    "value": {
      "depends": [
        "5b8fa15a-8fdb-47da-bbcb-b438ed48e403"
      ]
    },
    "versionCode": 1
  },
  "5b8fa15a-8fdb-47da-bbcb-b438ed48e403@f9941": {
    "url": "db://assets/UI/Background/Bottom.png@f9941",
    "value": {
      "depends": [
        "5b8fa15a-8fdb-47da-bbcb-b438ed48e403@6c48a"
      ]
    },
    "versionCode": 1
  },
  "8e55d9b2-b34f-4b07-a9dd-a347f029013b": {
    "url": "db://assets/UI/Block",
    "value": {},
    "versionCode": 1
  },
  "6fdcfa86-354b-441f-bb8e-38d9a13be71c": {
    "url": "db://assets/UI/Block/n_green.png",
    "value": {
      "depends": []
    },
    "versionCode": 1
  },
  "6fdcfa86-354b-441f-bb8e-38d9a13be71c@6c48a": {
    "url": "db://assets/UI/Block/n_green.png@6c48a",
    "value": {
      "depends": [
        "6fdcfa86-354b-441f-bb8e-38d9a13be71c"
      ]
    },
    "versionCode": 1
  },
  "6fdcfa86-354b-441f-bb8e-38d9a13be71c@f9941": {
    "url": "db://assets/UI/Block/n_green.png@f9941",
    "value": {
      "depends": [
        "6fdcfa86-354b-441f-bb8e-38d9a13be71c@6c48a"
      ]
    },
    "versionCode": 1
  },
  "1013a290-20ea-4b9d-bbc5-680d98ad0508": {
    "url": "db://assets/UI/Block/n_blue.png",
    "value": {
      "depends": []
    },
    "versionCode": 1
  },
  "1013a290-20ea-4b9d-bbc5-680d98ad0508@6c48a": {
    "url": "db://assets/UI/Block/n_blue.png@6c48a",
    "value": {
      "depends": [
        "1013a290-20ea-4b9d-bbc5-680d98ad0508"
      ]
    },
    "versionCode": 1
  },
  "1013a290-20ea-4b9d-bbc5-680d98ad0508@f9941": {
    "url": "db://assets/UI/Block/n_blue.png@f9941",
    "value": {
      "depends": [
        "1013a290-20ea-4b9d-bbc5-680d98ad0508@6c48a"
      ]
    },
    "versionCode": 1
  },
  "4f7a98ab-10a2-4b2e-8c44-9a250a9aee6c": {
    "url": "db://assets/UI/Block/n_1.png",
    "value": {
      "depends": []
    },
    "versionCode": 1
  },
  "4f7a98ab-10a2-4b2e-8c44-9a250a9aee6c@6c48a": {
    "url": "db://assets/UI/Block/n_1.png@6c48a",
    "value": {
      "depends": [
        "4f7a98ab-10a2-4b2e-8c44-9a250a9aee6c"
      ]
    },
    "versionCode": 1
  },
  "4f7a98ab-10a2-4b2e-8c44-9a250a9aee6c@f9941": {
    "url": "db://assets/UI/Block/n_1.png@f9941",
    "value": {
      "depends": [
        "4f7a98ab-10a2-4b2e-8c44-9a250a9aee6c@6c48a"
      ]
    },
    "versionCode": 1
  },
  "bf63bb22-b33d-42c0-8605-fdc9070cb826": {
    "url": "db://assets/UI/Block/n_2.png",
    "value": {
      "depends": []
    },
    "versionCode": 1
  },
  "bf63bb22-b33d-42c0-8605-fdc9070cb826@6c48a": {
    "url": "db://assets/UI/Block/n_2.png@6c48a",
    "value": {
      "depends": [
        "bf63bb22-b33d-42c0-8605-fdc9070cb826"
      ]
    },
    "versionCode": 1
  },
  "bf63bb22-b33d-42c0-8605-fdc9070cb826@f9941": {
    "url": "db://assets/UI/Block/n_2.png@f9941",
    "value": {
      "depends": [
        "bf63bb22-b33d-42c0-8605-fdc9070cb826@6c48a"
      ]
    },
    "versionCode": 1
  },
  "4d92cc3d-223a-4976-ad0c-47ed6cd44720": {
    "url": "db://assets/UI/Block/rock_1.png",
    "value": {
      "depends": []
    },
    "versionCode": 1
  },
  "4d92cc3d-223a-4976-ad0c-47ed6cd44720@6c48a": {
    "url": "db://assets/UI/Block/rock_1.png@6c48a",
    "value": {
      "depends": [
        "4d92cc3d-223a-4976-ad0c-47ed6cd44720"
      ]
    },
    "versionCode": 1
  },
  "4d92cc3d-223a-4976-ad0c-47ed6cd44720@f9941": {
    "url": "db://assets/UI/Block/rock_1.png@f9941",
    "value": {
      "depends": [
        "4d92cc3d-223a-4976-ad0c-47ed6cd44720@6c48a"
      ]
    },
    "versionCode": 1
  },
  "94cd89fc-0396-4442-8e21-cb14f6e98108": {
    "url": "db://assets/UI/Block/Line_X/line_x.png",
    "value": {
      "depends": []
    },
    "versionCode": 1
  },
  "94cd89fc-0396-4442-8e21-cb14f6e98108@6c48a": {
    "url": "db://assets/UI/Block/Line_X/line_x.png@6c48a",
    "value": {
      "depends": [
        "94cd89fc-0396-4442-8e21-cb14f6e98108"
      ]
    },
    "versionCode": 1
  },
  "94cd89fc-0396-4442-8e21-cb14f6e98108@f9941": {
    "url": "db://assets/UI/Block/Line_X/line_x.png@f9941",
    "value": {
      "depends": [
        "94cd89fc-0396-4442-8e21-cb14f6e98108@6c48a"
      ]
    },
    "versionCode": 1
  },
  "b0b4d8d3-1435-4816-b85f-75ea2241ceab": {
    "url": "db://assets/UI/Block/Line_Y/line_y.png",
    "value": {
      "depends": []
    },
    "versionCode": 1
  },
  "b0b4d8d3-1435-4816-b85f-75ea2241ceab@6c48a": {
    "url": "db://assets/UI/Block/Line_Y/line_y.png@6c48a",
    "value": {
      "depends": [
        "b0b4d8d3-1435-4816-b85f-75ea2241ceab"
      ]
    },
    "versionCode": 1
  },
  "b0b4d8d3-1435-4816-b85f-75ea2241ceab@f9941": {
    "url": "db://assets/UI/Block/Line_Y/line_y.png@f9941",
    "value": {
      "depends": [
        "b0b4d8d3-1435-4816-b85f-75ea2241ceab@6c48a"
      ]
    },
    "versionCode": 1
  },
  "94038c87-6f72-4c57-8da7-a1c9775a119f": {
    "url": "db://assets/UI/Block/Rainbow/rainbow.png",
    "value": {
      "depends": []
    },
    "versionCode": 1
  },
  "94038c87-6f72-4c57-8da7-a1c9775a119f@6c48a": {
    "url": "db://assets/UI/Block/Rainbow/rainbow.png@6c48a",
    "value": {
      "depends": [
        "94038c87-6f72-4c57-8da7-a1c9775a119f"
      ]
    },
    "versionCode": 1
  },
  "94038c87-6f72-4c57-8da7-a1c9775a119f@f9941": {
    "url": "db://assets/UI/Block/Rainbow/rainbow.png@f9941",
    "value": {
      "depends": [
        "94038c87-6f72-4c57-8da7-a1c9775a119f@6c48a"
      ]
    },
    "versionCode": 1
  },
  "ce7144be-793e-4623-be26-1d6da2451cbb": {
    "url": "db://assets/Scripts/Main.ts",
    "value": {},
    "versionCode": 1
  },
  "541446d4-4427-4637-b340-9c16d0044e12": {
    "url": "db://assets/UI/Block/Prefabs/Red.prefab",
    "value": {
      "depends": [
        "4f7a98ab-10a2-4b2e-8c44-9a250a9aee6c@f9941"
      ],
      "dependScripts": []
    },
    "versionCode": 1
  },
  "f72dd538-c0be-48af-9a84-6ea8675aa01d": {
    "url": "db://assets/UI/Block/Prefabs",
    "value": {},
    "versionCode": 1
  },
  "7d0b9cca-e1f3-4cfe-9e92-8148a7d10b2c": {
    "url": "db://assets/UI/Block/Prefabs/Yellow.prefab",
    "value": {
      "depends": [
        "bf63bb22-b33d-42c0-8605-fdc9070cb826@f9941"
      ],
      "dependScripts": []
    },
    "versionCode": 1
  },
  "3fcaef33-de22-45fe-855c-d178fecf0af3": {
    "url": "db://assets/UI/Block/Prefabs/Blue.prefab",
    "value": {
      "depends": [
        "1013a290-20ea-4b9d-bbc5-680d98ad0508@f9941"
      ],
      "dependScripts": []
    },
    "versionCode": 1
  },
  "44cfe93a-1e1a-4337-af05-95e78a74c101": {
    "url": "db://assets/UI/Block/Prefabs/Green.prefab",
    "value": {
      "depends": [
        "6fdcfa86-354b-441f-bb8e-38d9a13be71c@f9941"
      ],
      "dependScripts": []
    },
    "versionCode": 1
  },
  "234b402b-7283-4528-93d6-e70e9e9c245d": {
    "url": "db://assets/Scenes/GameScene.scene",
    "value": {
      "depends": [
        "234b402b-7283-4528-93d6-e70e9e9c245d",
        "47781677-2ff8-41b7-9147-737417015fd4@f9941",
        "fed373b2-66cb-49c6-9107-ea3354cbbb20@f9941",
        "08825dbd-1921-4cea-b8c4-ac1d448779a5@f9941",
        "8fe86108-b71e-440c-a39b-b2a236de57bf@f9941",
        "5b8fa15a-8fdb-47da-bbcb-b438ed48e403@f9941",
        "88ca4580-b114-4d97-b327-6904e5006753@f9941",
        "a88efc95-3083-4fea-97ce-0d3affdcb135@f9941",
        "4d92cc3d-223a-4976-ad0c-47ed6cd44720@f9941",
        "541446d4-4427-4637-b340-9c16d0044e12",
        "7d0b9cca-e1f3-4cfe-9e92-8148a7d10b2c",
        "3fcaef33-de22-45fe-855c-d178fecf0af3",
        "f42cb1fe-00a8-46fe-a1c3-dd2bd601b5b4",
        "d969da97-c4a1-42aa-b9b2-7a3cfbbfb8fb",
        "53390e5b-07fd-474e-9739-8d63812605e9",
        "b7c33cee-6c6c-490e-a3c0-627a0f325695"
      ],
      "dependScripts": [
        "036123b0-8f51-401f-9c09-87352004afd0",
        "0be8ef9c-c21d-44dd-b45c-7b81d40cfa12",
        "aeae4d61-6372-4035-86b9-80238973f58b"
      ]
    },
    "versionCode": 1
  },
  "b7c33cee-6c6c-490e-a3c0-627a0f325695": {
    "url": "db://assets/UI/Block/Prefabs/Rock.prefab",
    "value": {
      "depends": [
        "4d92cc3d-223a-4976-ad0c-47ed6cd44720@f9941"
      ],
      "dependScripts": []
    },
    "versionCode": 1
  },
  "036123b0-8f51-401f-9c09-87352004afd0": {
    "url": "db://assets/Scripts/UIManager.ts",
    "value": {},
    "versionCode": 1
  },
  "bc6b7cc3-1942-4a5c-acbd-bfabda11b77f": {
    "url": "db://assets/Scripts/Match3Game.ts",
    "value": {},
    "versionCode": 1
  },
  "0be8ef9c-c21d-44dd-b45c-7b81d40cfa12": {
    "url": "db://assets/Scripts/Main.ts",
    "value": {},
    "versionCode": 1
  },
  "2441abac-e82c-4de3-87dc-c0481946f3b9": {
    "url": "db://assets/UI/Block/n_5.png",
    "value": {
      "depends": []
    },
    "versionCode": 1
  },
  "2441abac-e82c-4de3-87dc-c0481946f3b9@6c48a": {
    "url": "db://assets/UI/Block/n_5.png@6c48a",
    "value": {
      "depends": [
        "2441abac-e82c-4de3-87dc-c0481946f3b9"
      ]
    },
    "versionCode": 1
  },
  "2441abac-e82c-4de3-87dc-c0481946f3b9@f9941": {
    "url": "db://assets/UI/Block/n_5.png@f9941",
    "value": {
      "depends": [
        "2441abac-e82c-4de3-87dc-c0481946f3b9@6c48a"
      ]
    },
    "versionCode": 1
  },
  "29ed4edf-214c-4705-9d8f-3244568acbe7": {
    "url": "db://assets/UI/Block/Prefabs/Purple.prefab",
    "value": {
      "depends": [
        "2441abac-e82c-4de3-87dc-c0481946f3b9@f9941"
      ],
      "dependScripts": []
    },
    "versionCode": 1
  },
  "f42cb1fe-00a8-46fe-a1c3-dd2bd601b5b4": {
    "url": "db://assets/UI/Block/Prefabs/Line_X.prefab",
    "value": {
      "depends": [
        "94cd89fc-0396-4442-8e21-cb14f6e98108@f9941",
        "dc36640a-1992-4ff5-a865-afa788a1d82b"
      ],
      "dependScripts": []
    },
    "versionCode": 1
  },
  "d969da97-c4a1-42aa-b9b2-7a3cfbbfb8fb": {
    "url": "db://assets/UI/Block/Prefabs/Line_Y.prefab",
    "value": {
      "depends": [
        "b0b4d8d3-1435-4816-b85f-75ea2241ceab@f9941",
        "d0ca01ce-f4cf-46cd-9d54-8d75d4df9635"
      ],
      "dependScripts": []
    },
    "versionCode": 1
  },
  "53390e5b-07fd-474e-9739-8d63812605e9": {
    "url": "db://assets/UI/Block/Prefabs/Rainbow.prefab",
    "value": {
      "depends": [
        "94038c87-6f72-4c57-8da7-a1c9775a119f@f9941",
        "e42128c6-dce1-472f-a052-7078a7be7dd4"
      ],
      "dependScripts": []
    },
    "versionCode": 1
  },
  "2e306359-b595-4201-85ca-61983ba343cb": {
    "url": "db://assets/Scripts/InputManager.ts",
    "value": {},
    "versionCode": 1
  },
  "aeae4d61-6372-4035-86b9-80238973f58b": {
    "url": "db://assets/Scripts/GameManager.ts",
    "value": {},
    "versionCode": 1
  },
  "7e93307f-eb2f-47cd-ae1d-b5eb13865512": {
    "url": "db://assets/Animations",
    "value": {},
    "versionCode": 1
  },
  "d0ca01ce-f4cf-46cd-9d54-8d75d4df9635": {
    "url": "db://assets/Animations/Y_Animation.anim",
    "value": {
      "depends": [
        "496b97a4-a836-4157-b9f5-d10dd7245c53@f9941",
        "2079f395-9ff3-4d86-b11c-3821a37f5ca2@f9941",
        "815529d8-08c6-427b-a220-adb46e8198f9@f9941",
        "11841f5f-5503-4283-b8e5-33b0c4d23ae9@f9941",
        "8084325b-4228-4d0e-8187-806defa2644a@f9941",
        "e38d153d-79e4-4293-b58d-b4c97bd5450a@f9941",
        "7de2a842-38d1-43dd-b6d8-0de05e8eeb9b@f9941",
        "9a9ac612-c35b-479a-8312-7a1b1782597b@f9941",
        "790f4004-2b30-4513-a934-d421179a0321@f9941",
        "703e2140-6738-4969-bfa0-692262578038@f9941",
        "5bb8df55-6fc1-4527-992c-99f3e1057f80@f9941",
        "082e1773-6f35-4f06-829c-114872db6c10@f9941",
        "ced81040-423c-4d28-b49d-4cfd994b583c@f9941",
        "e8f5fb2f-7931-47fb-845f-17f2790ef9b2@f9941"
      ]
    },
    "versionCode": 1
  },
  "7550c7b0-bfa1-4532-b1a3-de5e04c6d678": {
    "url": "db://assets/UI/Block/Line_Y",
    "value": {},
    "versionCode": 1
  },
  "9a9ac612-c35b-479a-8312-7a1b1782597b": {
    "url": "db://assets/UI/Block/Line_Y/ani_line_y_slow_08.png",
    "value": {
      "depends": []
    },
    "versionCode": 1
  },
  "9a9ac612-c35b-479a-8312-7a1b1782597b@6c48a": {
    "url": "db://assets/UI/Block/Line_Y/ani_line_y_slow_08.png@6c48a",
    "value": {
      "depends": [
        "9a9ac612-c35b-479a-8312-7a1b1782597b"
      ]
    },
    "versionCode": 1
  },
  "9a9ac612-c35b-479a-8312-7a1b1782597b@f9941": {
    "url": "db://assets/UI/Block/Line_Y/ani_line_y_slow_08.png@f9941",
    "value": {
      "depends": [
        "9a9ac612-c35b-479a-8312-7a1b1782597b@6c48a"
      ]
    },
    "versionCode": 1
  },
  "7de2a842-38d1-43dd-b6d8-0de05e8eeb9b": {
    "url": "db://assets/UI/Block/Line_Y/ani_line_y_slow_07.png",
    "value": {
      "depends": []
    },
    "versionCode": 1
  },
  "7de2a842-38d1-43dd-b6d8-0de05e8eeb9b@6c48a": {
    "url": "db://assets/UI/Block/Line_Y/ani_line_y_slow_07.png@6c48a",
    "value": {
      "depends": [
        "7de2a842-38d1-43dd-b6d8-0de05e8eeb9b"
      ]
    },
    "versionCode": 1
  },
  "7de2a842-38d1-43dd-b6d8-0de05e8eeb9b@f9941": {
    "url": "db://assets/UI/Block/Line_Y/ani_line_y_slow_07.png@f9941",
    "value": {
      "depends": [
        "7de2a842-38d1-43dd-b6d8-0de05e8eeb9b@6c48a"
      ]
    },
    "versionCode": 1
  },
  "790f4004-2b30-4513-a934-d421179a0321": {
    "url": "db://assets/UI/Block/Line_Y/ani_line_y_slow_09.png",
    "value": {
      "depends": []
    },
    "versionCode": 1
  },
  "790f4004-2b30-4513-a934-d421179a0321@6c48a": {
    "url": "db://assets/UI/Block/Line_Y/ani_line_y_slow_09.png@6c48a",
    "value": {
      "depends": [
        "790f4004-2b30-4513-a934-d421179a0321"
      ]
    },
    "versionCode": 1
  },
  "790f4004-2b30-4513-a934-d421179a0321@f9941": {
    "url": "db://assets/UI/Block/Line_Y/ani_line_y_slow_09.png@f9941",
    "value": {
      "depends": [
        "790f4004-2b30-4513-a934-d421179a0321@6c48a"
      ]
    },
    "versionCode": 1
  },
  "082e1773-6f35-4f06-829c-114872db6c10": {
    "url": "db://assets/UI/Block/Line_Y/ani_line_y_slow_12.png",
    "value": {
      "depends": []
    },
    "versionCode": 1
  },
  "5bb8df55-6fc1-4527-992c-99f3e1057f80": {
    "url": "db://assets/UI/Block/Line_Y/ani_line_y_slow_11.png",
    "value": {
      "depends": []
    },
    "versionCode": 1
  },
  "703e2140-6738-4969-bfa0-692262578038": {
    "url": "db://assets/UI/Block/Line_Y/ani_line_y_slow_10.png",
    "value": {
      "depends": []
    },
    "versionCode": 1
  },
  "496b97a4-a836-4157-b9f5-d10dd7245c53": {
    "url": "db://assets/UI/Block/Line_Y/ani_line_y_slow_01.png",
    "value": {
      "depends": []
    },
    "versionCode": 1
  },
  "2079f395-9ff3-4d86-b11c-3821a37f5ca2": {
    "url": "db://assets/UI/Block/Line_Y/ani_line_y_slow_02.png",
    "value": {
      "depends": []
    },
    "versionCode": 1
  },
  "082e1773-6f35-4f06-829c-114872db6c10@6c48a": {
    "url": "db://assets/UI/Block/Line_Y/ani_line_y_slow_12.png@6c48a",
    "value": {
      "depends": [
        "082e1773-6f35-4f06-829c-114872db6c10"
      ]
    },
    "versionCode": 1
  },
  "496b97a4-a836-4157-b9f5-d10dd7245c53@6c48a": {
    "url": "db://assets/UI/Block/Line_Y/ani_line_y_slow_01.png@6c48a",
    "value": {
      "depends": [
        "496b97a4-a836-4157-b9f5-d10dd7245c53"
      ]
    },
    "versionCode": 1
  },
  "5bb8df55-6fc1-4527-992c-99f3e1057f80@6c48a": {
    "url": "db://assets/UI/Block/Line_Y/ani_line_y_slow_11.png@6c48a",
    "value": {
      "depends": [
        "5bb8df55-6fc1-4527-992c-99f3e1057f80"
      ]
    },
    "versionCode": 1
  },
  "2079f395-9ff3-4d86-b11c-3821a37f5ca2@6c48a": {
    "url": "db://assets/UI/Block/Line_Y/ani_line_y_slow_02.png@6c48a",
    "value": {
      "depends": [
        "2079f395-9ff3-4d86-b11c-3821a37f5ca2"
      ]
    },
    "versionCode": 1
  },
  "703e2140-6738-4969-bfa0-692262578038@6c48a": {
    "url": "db://assets/UI/Block/Line_Y/ani_line_y_slow_10.png@6c48a",
    "value": {
      "depends": [
        "703e2140-6738-4969-bfa0-692262578038"
      ]
    },
    "versionCode": 1
  },
  "082e1773-6f35-4f06-829c-114872db6c10@f9941": {
    "url": "db://assets/UI/Block/Line_Y/ani_line_y_slow_12.png@f9941",
    "value": {
      "depends": [
        "082e1773-6f35-4f06-829c-114872db6c10@6c48a"
      ]
    },
    "versionCode": 1
  },
  "ced81040-423c-4d28-b49d-4cfd994b583c": {
    "url": "db://assets/UI/Block/Line_Y/ani_line_y_slow_13.png",
    "value": {
      "depends": []
    },
    "versionCode": 1
  },
  "496b97a4-a836-4157-b9f5-d10dd7245c53@f9941": {
    "url": "db://assets/UI/Block/Line_Y/ani_line_y_slow_01.png@f9941",
    "value": {
      "depends": [
        "496b97a4-a836-4157-b9f5-d10dd7245c53@6c48a"
      ]
    },
    "versionCode": 1
  },
  "815529d8-08c6-427b-a220-adb46e8198f9": {
    "url": "db://assets/UI/Block/Line_Y/ani_line_y_slow_03.png",
    "value": {
      "depends": []
    },
    "versionCode": 1
  },
  "5bb8df55-6fc1-4527-992c-99f3e1057f80@f9941": {
    "url": "db://assets/UI/Block/Line_Y/ani_line_y_slow_11.png@f9941",
    "value": {
      "depends": [
        "5bb8df55-6fc1-4527-992c-99f3e1057f80@6c48a"
      ]
    },
    "versionCode": 1
  },
  "11841f5f-5503-4283-b8e5-33b0c4d23ae9": {
    "url": "db://assets/UI/Block/Line_Y/ani_line_y_slow_04.png",
    "value": {
      "depends": []
    },
    "versionCode": 1
  },
  "2079f395-9ff3-4d86-b11c-3821a37f5ca2@f9941": {
    "url": "db://assets/UI/Block/Line_Y/ani_line_y_slow_02.png@f9941",
    "value": {
      "depends": [
        "2079f395-9ff3-4d86-b11c-3821a37f5ca2@6c48a"
      ]
    },
    "versionCode": 1
  },
  "e38d153d-79e4-4293-b58d-b4c97bd5450a": {
    "url": "db://assets/UI/Block/Line_Y/ani_line_y_slow_06.png",
    "value": {
      "depends": []
    },
    "versionCode": 1
  },
  "703e2140-6738-4969-bfa0-692262578038@f9941": {
    "url": "db://assets/UI/Block/Line_Y/ani_line_y_slow_10.png@f9941",
    "value": {
      "depends": [
        "703e2140-6738-4969-bfa0-692262578038@6c48a"
      ]
    },
    "versionCode": 1
  },
  "e8f5fb2f-7931-47fb-845f-17f2790ef9b2": {
    "url": "db://assets/UI/Block/Line_Y/ani_line_y_slow_14.png",
    "value": {
      "depends": []
    },
    "versionCode": 1
  },
  "ced81040-423c-4d28-b49d-4cfd994b583c@6c48a": {
    "url": "db://assets/UI/Block/Line_Y/ani_line_y_slow_13.png@6c48a",
    "value": {
      "depends": [
        "ced81040-423c-4d28-b49d-4cfd994b583c"
      ]
    },
    "versionCode": 1
  },
  "815529d8-08c6-427b-a220-adb46e8198f9@6c48a": {
    "url": "db://assets/UI/Block/Line_Y/ani_line_y_slow_03.png@6c48a",
    "value": {
      "depends": [
        "815529d8-08c6-427b-a220-adb46e8198f9"
      ]
    },
    "versionCode": 1
  },
  "e8f5fb2f-7931-47fb-845f-17f2790ef9b2@6c48a": {
    "url": "db://assets/UI/Block/Line_Y/ani_line_y_slow_14.png@6c48a",
    "value": {
      "depends": [
        "e8f5fb2f-7931-47fb-845f-17f2790ef9b2"
      ]
    },
    "versionCode": 1
  },
  "11841f5f-5503-4283-b8e5-33b0c4d23ae9@6c48a": {
    "url": "db://assets/UI/Block/Line_Y/ani_line_y_slow_04.png@6c48a",
    "value": {
      "depends": [
        "11841f5f-5503-4283-b8e5-33b0c4d23ae9"
      ]
    },
    "versionCode": 1
  },
  "e38d153d-79e4-4293-b58d-b4c97bd5450a@6c48a": {
    "url": "db://assets/UI/Block/Line_Y/ani_line_y_slow_06.png@6c48a",
    "value": {
      "depends": [
        "e38d153d-79e4-4293-b58d-b4c97bd5450a"
      ]
    },
    "versionCode": 1
  },
  "ced81040-423c-4d28-b49d-4cfd994b583c@f9941": {
    "url": "db://assets/UI/Block/Line_Y/ani_line_y_slow_13.png@f9941",
    "value": {
      "depends": [
        "ced81040-423c-4d28-b49d-4cfd994b583c@6c48a"
      ]
    },
    "versionCode": 1
  },
  "8084325b-4228-4d0e-8187-806defa2644a": {
    "url": "db://assets/UI/Block/Line_Y/ani_line_y_slow_05.png",
    "value": {
      "depends": []
    },
    "versionCode": 1
  },
  "815529d8-08c6-427b-a220-adb46e8198f9@f9941": {
    "url": "db://assets/UI/Block/Line_Y/ani_line_y_slow_03.png@f9941",
    "value": {
      "depends": [
        "815529d8-08c6-427b-a220-adb46e8198f9@6c48a"
      ]
    },
    "versionCode": 1
  },
  "e8f5fb2f-7931-47fb-845f-17f2790ef9b2@f9941": {
    "url": "db://assets/UI/Block/Line_Y/ani_line_y_slow_14.png@f9941",
    "value": {
      "depends": [
        "e8f5fb2f-7931-47fb-845f-17f2790ef9b2@6c48a"
      ]
    },
    "versionCode": 1
  },
  "11841f5f-5503-4283-b8e5-33b0c4d23ae9@f9941": {
    "url": "db://assets/UI/Block/Line_Y/ani_line_y_slow_04.png@f9941",
    "value": {
      "depends": [
        "11841f5f-5503-4283-b8e5-33b0c4d23ae9@6c48a"
      ]
    },
    "versionCode": 1
  },
  "e38d153d-79e4-4293-b58d-b4c97bd5450a@f9941": {
    "url": "db://assets/UI/Block/Line_Y/ani_line_y_slow_06.png@f9941",
    "value": {
      "depends": [
        "e38d153d-79e4-4293-b58d-b4c97bd5450a@6c48a"
      ]
    },
    "versionCode": 1
  },
  "8084325b-4228-4d0e-8187-806defa2644a@6c48a": {
    "url": "db://assets/UI/Block/Line_Y/ani_line_y_slow_05.png@6c48a",
    "value": {
      "depends": [
        "8084325b-4228-4d0e-8187-806defa2644a"
      ]
    },
    "versionCode": 1
  },
  "8084325b-4228-4d0e-8187-806defa2644a@f9941": {
    "url": "db://assets/UI/Block/Line_Y/ani_line_y_slow_05.png@f9941",
    "value": {
      "depends": [
        "8084325b-4228-4d0e-8187-806defa2644a@6c48a"
      ]
    },
    "versionCode": 1
  },
  "de124669-2949-4452-9357-8302394c5cf5": {
    "url": "db://assets/UI/Block/Line_X",
    "value": {},
    "versionCode": 1
  },
  "d06366d8-045f-460b-b091-d532741b68db": {
    "url": "db://assets/UI/Block/Line_X/ani_line_x_slow_07.png",
    "value": {
      "depends": []
    },
    "versionCode": 1
  },
  "d06366d8-045f-460b-b091-d532741b68db@6c48a": {
    "url": "db://assets/UI/Block/Line_X/ani_line_x_slow_07.png@6c48a",
    "value": {
      "depends": [
        "d06366d8-045f-460b-b091-d532741b68db"
      ]
    },
    "versionCode": 1
  },
  "d06366d8-045f-460b-b091-d532741b68db@f9941": {
    "url": "db://assets/UI/Block/Line_X/ani_line_x_slow_07.png@f9941",
    "value": {
      "depends": [
        "d06366d8-045f-460b-b091-d532741b68db@6c48a"
      ]
    },
    "versionCode": 1
  },
  "7a803e18-745f-45e9-89f1-342b5cf74d01": {
    "url": "db://assets/UI/Block/Line_X/ani_line_x_slow_08.png",
    "value": {
      "depends": []
    },
    "versionCode": 1
  },
  "7a803e18-745f-45e9-89f1-342b5cf74d01@6c48a": {
    "url": "db://assets/UI/Block/Line_X/ani_line_x_slow_08.png@6c48a",
    "value": {
      "depends": [
        "7a803e18-745f-45e9-89f1-342b5cf74d01"
      ]
    },
    "versionCode": 1
  },
  "7a803e18-745f-45e9-89f1-342b5cf74d01@f9941": {
    "url": "db://assets/UI/Block/Line_X/ani_line_x_slow_08.png@f9941",
    "value": {
      "depends": [
        "7a803e18-745f-45e9-89f1-342b5cf74d01@6c48a"
      ]
    },
    "versionCode": 1
  },
  "58348d41-f2d9-4f24-9cef-9c9b3ab28ef6": {
    "url": "db://assets/UI/Block/Line_X/ani_line_x_slow_06.png",
    "value": {
      "depends": []
    },
    "versionCode": 1
  },
  "58348d41-f2d9-4f24-9cef-9c9b3ab28ef6@6c48a": {
    "url": "db://assets/UI/Block/Line_X/ani_line_x_slow_06.png@6c48a",
    "value": {
      "depends": [
        "58348d41-f2d9-4f24-9cef-9c9b3ab28ef6"
      ]
    },
    "versionCode": 1
  },
  "58348d41-f2d9-4f24-9cef-9c9b3ab28ef6@f9941": {
    "url": "db://assets/UI/Block/Line_X/ani_line_x_slow_06.png@f9941",
    "value": {
      "depends": [
        "58348d41-f2d9-4f24-9cef-9c9b3ab28ef6@6c48a"
      ]
    },
    "versionCode": 1
  },
  "d0863e7d-1cfb-4b47-9866-60fc9b22aaab": {
    "url": "db://assets/UI/Block/Line_X/ani_line_x_slow_09.png",
    "value": {
      "depends": []
    },
    "versionCode": 1
  },
  "474068fd-3c55-444c-abd1-f1d9aebd3b21": {
    "url": "db://assets/UI/Block/Line_X/ani_line_x_slow_10.png",
    "value": {
      "depends": []
    },
    "versionCode": 1
  },
  "dc687650-9f03-442f-97dc-5d1b143b2684": {
    "url": "db://assets/UI/Block/Line_X/ani_line_x_slow_12.png",
    "value": {
      "depends": []
    },
    "versionCode": 1
  },
  "219b7b57-5a6b-469c-957a-eb18ce40ddf3": {
    "url": "db://assets/UI/Block/Line_X/ani_line_x_slow_11.png",
    "value": {
      "depends": []
    },
    "versionCode": 1
  },
  "b880fc84-becf-4de8-b56b-01d1a7637629": {
    "url": "db://assets/UI/Block/Line_X/ani_line_x_slow_13.png",
    "value": {
      "depends": []
    },
    "versionCode": 1
  },
  "d0863e7d-1cfb-4b47-9866-60fc9b22aaab@6c48a": {
    "url": "db://assets/UI/Block/Line_X/ani_line_x_slow_09.png@6c48a",
    "value": {
      "depends": [
        "d0863e7d-1cfb-4b47-9866-60fc9b22aaab"
      ]
    },
    "versionCode": 1
  },
  "474068fd-3c55-444c-abd1-f1d9aebd3b21@6c48a": {
    "url": "db://assets/UI/Block/Line_X/ani_line_x_slow_10.png@6c48a",
    "value": {
      "depends": [
        "474068fd-3c55-444c-abd1-f1d9aebd3b21"
      ]
    },
    "versionCode": 1
  },
  "b880fc84-becf-4de8-b56b-01d1a7637629@6c48a": {
    "url": "db://assets/UI/Block/Line_X/ani_line_x_slow_13.png@6c48a",
    "value": {
      "depends": [
        "b880fc84-becf-4de8-b56b-01d1a7637629"
      ]
    },
    "versionCode": 1
  },
  "219b7b57-5a6b-469c-957a-eb18ce40ddf3@6c48a": {
    "url": "db://assets/UI/Block/Line_X/ani_line_x_slow_11.png@6c48a",
    "value": {
      "depends": [
        "219b7b57-5a6b-469c-957a-eb18ce40ddf3"
      ]
    },
    "versionCode": 1
  },
  "dc687650-9f03-442f-97dc-5d1b143b2684@6c48a": {
    "url": "db://assets/UI/Block/Line_X/ani_line_x_slow_12.png@6c48a",
    "value": {
      "depends": [
        "dc687650-9f03-442f-97dc-5d1b143b2684"
      ]
    },
    "versionCode": 1
  },
  "d0863e7d-1cfb-4b47-9866-60fc9b22aaab@f9941": {
    "url": "db://assets/UI/Block/Line_X/ani_line_x_slow_09.png@f9941",
    "value": {
      "depends": [
        "d0863e7d-1cfb-4b47-9866-60fc9b22aaab@6c48a"
      ]
    },
    "versionCode": 1
  },
  "e2d8f819-bb61-43b8-bd3c-3243ab01b6da": {
    "url": "db://assets/UI/Block/Line_X/ani_line_x_slow_01.png",
    "value": {
      "depends": []
    },
    "versionCode": 1
  },
  "474068fd-3c55-444c-abd1-f1d9aebd3b21@f9941": {
    "url": "db://assets/UI/Block/Line_X/ani_line_x_slow_10.png@f9941",
    "value": {
      "depends": [
        "474068fd-3c55-444c-abd1-f1d9aebd3b21@6c48a"
      ]
    },
    "versionCode": 1
  },
  "81cc8962-e9ec-4f6a-94d5-f08c680347f0": {
    "url": "db://assets/UI/Block/Line_X/ani_line_x_slow_14.png",
    "value": {
      "depends": []
    },
    "versionCode": 1
  },
  "219b7b57-5a6b-469c-957a-eb18ce40ddf3@f9941": {
    "url": "db://assets/UI/Block/Line_X/ani_line_x_slow_11.png@f9941",
    "value": {
      "depends": [
        "219b7b57-5a6b-469c-957a-eb18ce40ddf3@6c48a"
      ]
    },
    "versionCode": 1
  },
  "9ddb4156-45af-489b-9e7c-d46044676560": {
    "url": "db://assets/UI/Block/Line_X/ani_line_x_slow_02.png",
    "value": {
      "depends": []
    },
    "versionCode": 1
  },
  "b880fc84-becf-4de8-b56b-01d1a7637629@f9941": {
    "url": "db://assets/UI/Block/Line_X/ani_line_x_slow_13.png@f9941",
    "value": {
      "depends": [
        "b880fc84-becf-4de8-b56b-01d1a7637629@6c48a"
      ]
    },
    "versionCode": 1
  },
  "dc687650-9f03-442f-97dc-5d1b143b2684@f9941": {
    "url": "db://assets/UI/Block/Line_X/ani_line_x_slow_12.png@f9941",
    "value": {
      "depends": [
        "dc687650-9f03-442f-97dc-5d1b143b2684@6c48a"
      ]
    },
    "versionCode": 1
  },
  "2a32002d-9153-48ea-bcac-a448310ef9de": {
    "url": "db://assets/UI/Block/Line_X/ani_line_x_slow_04.png",
    "value": {
      "depends": []
    },
    "versionCode": 1
  },
  "f008c97c-9e6d-4ec3-bbd9-ba6ae97dd81b": {
    "url": "db://assets/UI/Block/Line_X/ani_line_x_slow_03.png",
    "value": {
      "depends": []
    },
    "versionCode": 1
  },
  "81cc8962-e9ec-4f6a-94d5-f08c680347f0@6c48a": {
    "url": "db://assets/UI/Block/Line_X/ani_line_x_slow_14.png@6c48a",
    "value": {
      "depends": [
        "81cc8962-e9ec-4f6a-94d5-f08c680347f0"
      ]
    },
    "versionCode": 1
  },
  "e2d8f819-bb61-43b8-bd3c-3243ab01b6da@6c48a": {
    "url": "db://assets/UI/Block/Line_X/ani_line_x_slow_01.png@6c48a",
    "value": {
      "depends": [
        "e2d8f819-bb61-43b8-bd3c-3243ab01b6da"
      ]
    },
    "versionCode": 1
  },
  "9ddb4156-45af-489b-9e7c-d46044676560@6c48a": {
    "url": "db://assets/UI/Block/Line_X/ani_line_x_slow_02.png@6c48a",
    "value": {
      "depends": [
        "9ddb4156-45af-489b-9e7c-d46044676560"
      ]
    },
    "versionCode": 1
  },
  "2a32002d-9153-48ea-bcac-a448310ef9de@6c48a": {
    "url": "db://assets/UI/Block/Line_X/ani_line_x_slow_04.png@6c48a",
    "value": {
      "depends": [
        "2a32002d-9153-48ea-bcac-a448310ef9de"
      ]
    },
    "versionCode": 1
  },
  "81cc8962-e9ec-4f6a-94d5-f08c680347f0@f9941": {
    "url": "db://assets/UI/Block/Line_X/ani_line_x_slow_14.png@f9941",
    "value": {
      "depends": [
        "81cc8962-e9ec-4f6a-94d5-f08c680347f0@6c48a"
      ]
    },
    "versionCode": 1
  },
  "38762314-eaf5-461b-bfdf-50bfbf65972a": {
    "url": "db://assets/UI/Block/Line_X/ani_line_x_slow_05.png",
    "value": {
      "depends": []
    },
    "versionCode": 1
  },
  "e2d8f819-bb61-43b8-bd3c-3243ab01b6da@f9941": {
    "url": "db://assets/UI/Block/Line_X/ani_line_x_slow_01.png@f9941",
    "value": {
      "depends": [
        "e2d8f819-bb61-43b8-bd3c-3243ab01b6da@6c48a"
      ]
    },
    "versionCode": 1
  },
  "f008c97c-9e6d-4ec3-bbd9-ba6ae97dd81b@6c48a": {
    "url": "db://assets/UI/Block/Line_X/ani_line_x_slow_03.png@6c48a",
    "value": {
      "depends": [
        "f008c97c-9e6d-4ec3-bbd9-ba6ae97dd81b"
      ]
    },
    "versionCode": 1
  },
  "9ddb4156-45af-489b-9e7c-d46044676560@f9941": {
    "url": "db://assets/UI/Block/Line_X/ani_line_x_slow_02.png@f9941",
    "value": {
      "depends": [
        "9ddb4156-45af-489b-9e7c-d46044676560@6c48a"
      ]
    },
    "versionCode": 1
  },
  "2a32002d-9153-48ea-bcac-a448310ef9de@f9941": {
    "url": "db://assets/UI/Block/Line_X/ani_line_x_slow_04.png@f9941",
    "value": {
      "depends": [
        "2a32002d-9153-48ea-bcac-a448310ef9de@6c48a"
      ]
    },
    "versionCode": 1
  },
  "f008c97c-9e6d-4ec3-bbd9-ba6ae97dd81b@f9941": {
    "url": "db://assets/UI/Block/Line_X/ani_line_x_slow_03.png@f9941",
    "value": {
      "depends": [
        "f008c97c-9e6d-4ec3-bbd9-ba6ae97dd81b@6c48a"
      ]
    },
    "versionCode": 1
  },
  "38762314-eaf5-461b-bfdf-50bfbf65972a@6c48a": {
    "url": "db://assets/UI/Block/Line_X/ani_line_x_slow_05.png@6c48a",
    "value": {
      "depends": [
        "38762314-eaf5-461b-bfdf-50bfbf65972a"
      ]
    },
    "versionCode": 1
  },
  "38762314-eaf5-461b-bfdf-50bfbf65972a@f9941": {
    "url": "db://assets/UI/Block/Line_X/ani_line_x_slow_05.png@f9941",
    "value": {
      "depends": [
        "38762314-eaf5-461b-bfdf-50bfbf65972a@6c48a"
      ]
    },
    "versionCode": 1
  },
  "dc36640a-1992-4ff5-a865-afa788a1d82b": {
    "url": "db://assets/Animations/X_Animation.anim",
    "value": {
      "depends": [
        "e2d8f819-bb61-43b8-bd3c-3243ab01b6da@f9941",
        "9ddb4156-45af-489b-9e7c-d46044676560@f9941",
        "f008c97c-9e6d-4ec3-bbd9-ba6ae97dd81b@f9941",
        "2a32002d-9153-48ea-bcac-a448310ef9de@f9941",
        "38762314-eaf5-461b-bfdf-50bfbf65972a@f9941",
        "58348d41-f2d9-4f24-9cef-9c9b3ab28ef6@f9941",
        "d06366d8-045f-460b-b091-d532741b68db@f9941",
        "7a803e18-745f-45e9-89f1-342b5cf74d01@f9941",
        "d0863e7d-1cfb-4b47-9866-60fc9b22aaab@f9941",
        "474068fd-3c55-444c-abd1-f1d9aebd3b21@f9941",
        "219b7b57-5a6b-469c-957a-eb18ce40ddf3@f9941",
        "dc687650-9f03-442f-97dc-5d1b143b2684@f9941",
        "b880fc84-becf-4de8-b56b-01d1a7637629@f9941",
        "81cc8962-e9ec-4f6a-94d5-f08c680347f0@f9941"
      ]
    },
    "versionCode": 1
  },
  "b63c3e93-8d50-43bb-a705-e4d4e1c1b909": {
    "url": "db://assets/UI/Block/Rainbow",
    "value": {},
    "versionCode": 1
  },
  "933c1e46-4b2a-498e-9078-935d8e20d893": {
    "url": "db://assets/UI/Block/Rainbow/ani_rainbow_slow_02.png",
    "value": {
      "depends": []
    },
    "versionCode": 1
  },
  "933c1e46-4b2a-498e-9078-935d8e20d893@6c48a": {
    "url": "db://assets/UI/Block/Rainbow/ani_rainbow_slow_02.png@6c48a",
    "value": {
      "depends": [
        "933c1e46-4b2a-498e-9078-935d8e20d893"
      ]
    },
    "versionCode": 1
  },
  "933c1e46-4b2a-498e-9078-935d8e20d893@f9941": {
    "url": "db://assets/UI/Block/Rainbow/ani_rainbow_slow_02.png@f9941",
    "value": {
      "depends": [
        "933c1e46-4b2a-498e-9078-935d8e20d893@6c48a"
      ]
    },
    "versionCode": 1
  },
  "1846569a-d842-4bae-b280-6a3770163f99": {
    "url": "db://assets/UI/Block/Rainbow/ani_rainbow_slow_01.png",
    "value": {
      "depends": []
    },
    "versionCode": 1
  },
  "1846569a-d842-4bae-b280-6a3770163f99@6c48a": {
    "url": "db://assets/UI/Block/Rainbow/ani_rainbow_slow_01.png@6c48a",
    "value": {
      "depends": [
        "1846569a-d842-4bae-b280-6a3770163f99"
      ]
    },
    "versionCode": 1
  },
  "1846569a-d842-4bae-b280-6a3770163f99@f9941": {
    "url": "db://assets/UI/Block/Rainbow/ani_rainbow_slow_01.png@f9941",
    "value": {
      "depends": [
        "1846569a-d842-4bae-b280-6a3770163f99@6c48a"
      ]
    },
    "versionCode": 1
  },
  "e1a98a5c-5802-499e-8764-d5eddf8c233b": {
    "url": "db://assets/UI/Block/Rainbow/ani_rainbow_slow_03.png",
    "value": {
      "depends": []
    },
    "versionCode": 1
  },
  "e1a98a5c-5802-499e-8764-d5eddf8c233b@6c48a": {
    "url": "db://assets/UI/Block/Rainbow/ani_rainbow_slow_03.png@6c48a",
    "value": {
      "depends": [
        "e1a98a5c-5802-499e-8764-d5eddf8c233b"
      ]
    },
    "versionCode": 1
  },
  "e1a98a5c-5802-499e-8764-d5eddf8c233b@f9941": {
    "url": "db://assets/UI/Block/Rainbow/ani_rainbow_slow_03.png@f9941",
    "value": {
      "depends": [
        "e1a98a5c-5802-499e-8764-d5eddf8c233b@6c48a"
      ]
    },
    "versionCode": 1
  },
  "3a81fd50-8f41-4cd1-a8dc-c2e53376b6a1": {
    "url": "db://assets/UI/Block/Rainbow/ani_rainbow_slow_04.png",
    "value": {
      "depends": []
    },
    "versionCode": 1
  },
  "3a81fd50-8f41-4cd1-a8dc-c2e53376b6a1@6c48a": {
    "url": "db://assets/UI/Block/Rainbow/ani_rainbow_slow_04.png@6c48a",
    "value": {
      "depends": [
        "3a81fd50-8f41-4cd1-a8dc-c2e53376b6a1"
      ]
    },
    "versionCode": 1
  },
  "3a81fd50-8f41-4cd1-a8dc-c2e53376b6a1@f9941": {
    "url": "db://assets/UI/Block/Rainbow/ani_rainbow_slow_04.png@f9941",
    "value": {
      "depends": [
        "3a81fd50-8f41-4cd1-a8dc-c2e53376b6a1@6c48a"
      ]
    },
    "versionCode": 1
  },
  "13d67fef-648a-42e6-ac33-43ab38a3ab0e": {
    "url": "db://assets/UI/Block/Rainbow/ani_rainbow_slow_06.png",
    "value": {
      "depends": []
    },
    "versionCode": 1
  },
  "13d67fef-648a-42e6-ac33-43ab38a3ab0e@6c48a": {
    "url": "db://assets/UI/Block/Rainbow/ani_rainbow_slow_06.png@6c48a",
    "value": {
      "depends": [
        "13d67fef-648a-42e6-ac33-43ab38a3ab0e"
      ]
    },
    "versionCode": 1
  },
  "696a87a2-8bfc-496e-a522-15c794ca6959": {
    "url": "db://assets/UI/Block/Rainbow/ani_rainbow_slow_05.png",
    "value": {
      "depends": []
    },
    "versionCode": 1
  },
  "13d67fef-648a-42e6-ac33-43ab38a3ab0e@f9941": {
    "url": "db://assets/UI/Block/Rainbow/ani_rainbow_slow_06.png@f9941",
    "value": {
      "depends": [
        "13d67fef-648a-42e6-ac33-43ab38a3ab0e@6c48a"
      ]
    },
    "versionCode": 1
  },
  "696a87a2-8bfc-496e-a522-15c794ca6959@6c48a": {
    "url": "db://assets/UI/Block/Rainbow/ani_rainbow_slow_05.png@6c48a",
    "value": {
      "depends": [
        "696a87a2-8bfc-496e-a522-15c794ca6959"
      ]
    },
    "versionCode": 1
  },
  "696a87a2-8bfc-496e-a522-15c794ca6959@f9941": {
    "url": "db://assets/UI/Block/Rainbow/ani_rainbow_slow_05.png@f9941",
    "value": {
      "depends": [
        "696a87a2-8bfc-496e-a522-15c794ca6959@6c48a"
      ]
    },
    "versionCode": 1
  },
  "e42128c6-dce1-472f-a052-7078a7be7dd4": {
    "url": "db://assets/Animations/Rainbow_Animation.anim",
    "value": {
      "depends": [
        "1846569a-d842-4bae-b280-6a3770163f99@f9941",
        "933c1e46-4b2a-498e-9078-935d8e20d893@f9941",
        "e1a98a5c-5802-499e-8764-d5eddf8c233b@f9941",
        "3a81fd50-8f41-4cd1-a8dc-c2e53376b6a1@f9941",
        "696a87a2-8bfc-496e-a522-15c794ca6959@f9941",
        "13d67fef-648a-42e6-ac33-43ab38a3ab0e@f9941",
        "94038c87-6f72-4c57-8da7-a1c9775a119f@f9941"
      ]
    },
    "versionCode": 1
  },
  "3ee49165-4b10-4c2b-8846-49ea38c4342a": {
    "url": "db://assets/Scripts/MainWithDescription.ts",
    "value": {},
    "versionCode": 1
  },
  "1293f9cf-e85a-40c2-b761-ded1e9a19b18": {
    "url": "db://assets/Scripts/Temp.ts",
    "value": {},
    "versionCode": 1
  }
}
