{
  "version": "1.0.0",
  "map": {
    "C:\\Cocos\\ActionFit_Project\\assets\\UI.meta": {
      "time": 1747386458411.7092
    },
    "C:\\Cocos\\ActionFit_Project\\assets\\UI": {
      "time": 1747387358790.8884,
      "uuid": "60a36d79-df5c-4fd7-bf3b-80aba6f489c6"
    },
    "C:\\Cocos\\ActionFit_Project\\assets\\UI\\Background.meta": {
      "time": 1747386481969.7456
    },
    "C:\\Cocos\\ActionFit_Project\\assets\\UI\\Background": {
      "time": 1747386983912.083,
      "uuid": "c05e3d8c-181e-4279-a627-f6354c2b045c"
    },
    "C:\\Cocos\\ActionFit_Project\\assets\\Scenes.meta": {
      "time": 1747386490313.4556
    },
    "C:\\Cocos\\ActionFit_Project\\assets\\Scenes": {
      "time": 1747393299475.8032,
      "uuid": "1f4fba63-9679-4e2f-b7fa-9e23989bf969"
    },
    "C:\\Cocos\\ActionFit_Project\\assets\\Scripts.meta": {
      "time": 1747386506807.338
    },
    "C:\\Cocos\\ActionFit_Project\\assets\\Scripts": {
      "time": 1747581826651.0276,
      "uuid": "d40ebf95-4411-4d38-bc39-6cbe68dc81ae"
    },
    "C:\\Cocos\\ActionFit_Project\\assets\\UI\\Background\\Background.png.meta": {
      "time": 1747386814999.4658
    },
    "C:\\Cocos\\ActionFit_Project\\assets\\UI\\Background\\Background.png": {
      "time": 1747287827000,
      "uuid": "47781677-2ff8-41b7-9147-737417015fd4"
    },
    "C:\\Cocos\\ActionFit_Project\\assets\\UI\\Background\\Character.png.meta": {
      "time": 1747386824755.8738
    },
    "C:\\Cocos\\ActionFit_Project\\assets\\UI\\Background\\Character.png": {
      "time": 1747288251000,
      "uuid": "08825dbd-1921-4cea-b8c4-ac1d448779a5"
    },
    "C:\\Cocos\\ActionFit_Project\\assets\\UI\\Background\\Goal.png.meta": {
      "time": 1747386929492.5242
    },
    "C:\\Cocos\\ActionFit_Project\\assets\\UI\\Background\\Goal.png": {
      "time": 1738900585000,
      "uuid": "88ca4580-b114-4d97-b327-6904e5006753"
    },
    "C:\\Cocos\\ActionFit_Project\\assets\\UI\\Background\\Move.png.meta": {
      "time": 1747386939645.5203
    },
    "C:\\Cocos\\ActionFit_Project\\assets\\UI\\Background\\Move.png": {
      "time": 1739179001000,
      "uuid": "8fe86108-b71e-440c-a39b-b2a236de57bf"
    },
    "C:\\Cocos\\ActionFit_Project\\assets\\UI\\Background\\Top.png.meta": {
      "time": 1747386962100.9897
    },
    "C:\\Cocos\\ActionFit_Project\\assets\\UI\\Background\\Top.png": {
      "time": 1738900352000,
      "uuid": "fed373b2-66cb-49c6-9107-ea3354cbbb20"
    },
    "C:\\Cocos\\ActionFit_Project\\assets\\UI\\Background\\Under.png.meta": {
      "time": 1747386966191.308
    },
    "C:\\Cocos\\ActionFit_Project\\assets\\UI\\Background\\Under.png": {
      "time": 1734334221000,
      "uuid": "a88efc95-3083-4fea-97ce-0d3affdcb135"
    },
    "C:\\Cocos\\ActionFit_Project\\assets\\UI\\Background\\Bottom.png.meta": {
      "time": 1747386983933.027
    },
    "C:\\Cocos\\ActionFit_Project\\assets\\UI\\Background\\Bottom.png": {
      "time": 1738900353000,
      "uuid": "5b8fa15a-8fdb-47da-bbcb-b438ed48e403"
    },
    "C:\\Cocos\\ActionFit_Project\\assets\\UI\\Block.meta": {
      "time": 1747387358792.8828
    },
    "C:\\Cocos\\ActionFit_Project\\assets\\UI\\Block": {
      "time": 1747561275566.6792,
      "uuid": "8e55d9b2-b34f-4b07-a9dd-a347f029013b"
    },
    "C:\\Cocos\\ActionFit_Project\\assets\\UI\\Block\\n_green.png.meta": {
      "time": 1747387371451.0208
    },
    "C:\\Cocos\\ActionFit_Project\\assets\\UI\\Block\\n_green.png": {
      "time": 1738919433000,
      "uuid": "6fdcfa86-354b-441f-bb8e-38d9a13be71c"
    },
    "C:\\Cocos\\ActionFit_Project\\assets\\UI\\Block\\n_blue.png.meta": {
      "time": 1747387375688.208
    },
    "C:\\Cocos\\ActionFit_Project\\assets\\UI\\Block\\n_blue.png": {
      "time": 1735804906000,
      "uuid": "1013a290-20ea-4b9d-bbc5-680d98ad0508"
    },
    "C:\\Cocos\\ActionFit_Project\\assets\\UI\\Block\\n_1.png.meta": {
      "time": 1747387378501.2148
    },
    "C:\\Cocos\\ActionFit_Project\\assets\\UI\\Block\\n_1.png": {
      "time": 1733306718000,
      "uuid": "4f7a98ab-10a2-4b2e-8c44-9a250a9aee6c"
    },
    "C:\\Cocos\\ActionFit_Project\\assets\\UI\\Block\\n_2.png.meta": {
      "time": 1747387380455.9724
    },
    "C:\\Cocos\\ActionFit_Project\\assets\\UI\\Block\\n_2.png": {
      "time": 1733306718000,
      "uuid": "bf63bb22-b33d-42c0-8605-fdc9070cb826"
    },
    "C:\\Cocos\\ActionFit_Project\\assets\\UI\\Block\\rock_1.png.meta": {
      "time": 1747387383621.6868
    },
    "C:\\Cocos\\ActionFit_Project\\assets\\UI\\Block\\rock_1.png": {
      "time": 1739780862000,
      "uuid": "4d92cc3d-223a-4976-ad0c-47ed6cd44720"
    },
    "C:\\Cocos\\ActionFit_Project\\assets\\UI\\Block\\Prefabs.meta": {
      "time": 1747388031016.559
    },
    "C:\\Cocos\\ActionFit_Project\\assets\\UI\\Block\\Prefabs": {
      "time": 1747474070748.2202,
      "uuid": "f72dd538-c0be-48af-9a84-6ea8675aa01d"
    },
    "C:\\Cocos\\ActionFit_Project\\assets\\UI\\Block\\Prefabs\\Red.prefab.meta": {
      "time": 1747388019231.7368
    },
    "C:\\Cocos\\ActionFit_Project\\assets\\UI\\Block\\Prefabs\\Red.prefab": {
      "time": 1747388019230.7395,
      "uuid": "541446d4-4427-4637-b340-9c16d0044e12"
    },
    "C:\\Cocos\\ActionFit_Project\\assets\\UI\\Block\\Prefabs\\Yellow.prefab.meta": {
      "time": 1747388047002.1768
    },
    "C:\\Cocos\\ActionFit_Project\\assets\\UI\\Block\\Prefabs\\Yellow.prefab": {
      "time": 1747388047001.1794,
      "uuid": "7d0b9cca-e1f3-4cfe-9e92-8148a7d10b2c"
    },
    "C:\\Cocos\\ActionFit_Project\\assets\\UI\\Block\\Prefabs\\Blue.prefab.meta": {
      "time": 1747388058079.2764
    },
    "C:\\Cocos\\ActionFit_Project\\assets\\UI\\Block\\Prefabs\\Blue.prefab": {
      "time": 1747388058077.2805,
      "uuid": "3fcaef33-de22-45fe-855c-d178fecf0af3"
    },
    "C:\\Cocos\\ActionFit_Project\\assets\\UI\\Block\\Prefabs\\Green.prefab.meta": {
      "time": 1747388073990.3918
    },
    "C:\\Cocos\\ActionFit_Project\\assets\\UI\\Block\\Prefabs\\Green.prefab": {
      "time": 1747388073988.3965,
      "uuid": "44cfe93a-1e1a-4337-af05-95e78a74c101"
    },
    "C:\\Cocos\\ActionFit_Project\\assets\\Scenes\\GameScene.scene.meta": {
      "time": 1747388153680.0176
    },
    "C:\\Cocos\\ActionFit_Project\\assets\\Scenes\\GameScene.scene": {
      "time": 1747581827771.0933,
      "uuid": "234b402b-7283-4528-93d6-e70e9e9c245d"
    },
    "C:\\Cocos\\ActionFit_Project\\assets\\UI\\Block\\Prefabs\\Rock.prefab.meta": {
      "time": 1747388409781.39
    },
    "C:\\Cocos\\ActionFit_Project\\assets\\UI\\Block\\Prefabs\\Rock.prefab": {
      "time": 1747388409778.3972,
      "uuid": "b7c33cee-6c6c-490e-a3c0-627a0f325695"
    },
    "C:\\Cocos\\ActionFit_Project\\assets\\Scripts\\UIManager.ts.meta": {
      "time": 1747393296640.733
    },
    "C:\\Cocos\\ActionFit_Project\\assets\\Scripts\\UIManager.ts": {
      "time": 1747560004354.8242,
      "uuid": "036123b0-8f51-401f-9c09-87352004afd0"
    },
    "C:\\Cocos\\ActionFit_Project\\assets\\Scripts\\Main.ts.meta": {
      "time": 1747393577777.3362
    },
    "C:\\Cocos\\ActionFit_Project\\assets\\Scripts\\Main.ts": {
      "time": 1747581637175.624,
      "uuid": "0be8ef9c-c21d-44dd-b45c-7b81d40cfa12"
    },
    "C:\\Cocos\\ActionFit_Project\\assets\\UI\\Block\\n_5.png.meta": {
      "time": 1747393938675.8665
    },
    "C:\\Cocos\\ActionFit_Project\\assets\\UI\\Block\\n_5.png": {
      "time": 1733306718000,
      "uuid": "2441abac-e82c-4de3-87dc-c0481946f3b9"
    },
    "C:\\Cocos\\ActionFit_Project\\assets\\UI\\Block\\Prefabs\\Purple.prefab.meta": {
      "time": 1747393965182.1707
    },
    "C:\\Cocos\\ActionFit_Project\\assets\\UI\\Block\\Prefabs\\Purple.prefab": {
      "time": 1747393965180.1772,
      "uuid": "29ed4edf-214c-4705-9d8f-3244568acbe7"
    },
    "C:\\Cocos\\ActionFit_Project\\assets\\UI\\Block\\Prefabs\\Line_X.prefab.meta": {
      "time": 1747395335371.105
    },
    "C:\\Cocos\\ActionFit_Project\\assets\\UI\\Block\\Prefabs\\Line_X.prefab": {
      "time": 1747561004045.3972,
      "uuid": "f42cb1fe-00a8-46fe-a1c3-dd2bd601b5b4"
    },
    "C:\\Cocos\\ActionFit_Project\\assets\\UI\\Block\\Prefabs\\Line_Y.prefab.meta": {
      "time": 1747395344964.4749
    },
    "C:\\Cocos\\ActionFit_Project\\assets\\UI\\Block\\Prefabs\\Line_Y.prefab": {
      "time": 1747560913485.6047,
      "uuid": "d969da97-c4a1-42aa-b9b2-7a3cfbbfb8fb"
    },
    "C:\\Cocos\\ActionFit_Project\\assets\\UI\\Block\\Prefabs\\Rainbow.prefab.meta": {
      "time": 1747474070754.2026
    },
    "C:\\Cocos\\ActionFit_Project\\assets\\UI\\Block\\Prefabs\\Rainbow.prefab": {
      "time": 1747561473532.3235,
      "uuid": "53390e5b-07fd-474e-9739-8d63812605e9"
    },
    "C:\\Cocos\\ActionFit_Project\\assets\\Scripts\\GameManager.ts.meta": {
      "time": 1747479211435.1821
    },
    "C:\\Cocos\\ActionFit_Project\\assets\\Scripts\\GameManager.ts": {
      "time": 1747581665773.187,
      "uuid": "aeae4d61-6372-4035-86b9-80238973f58b"
    },
    "C:\\Cocos\\ActionFit_Project\\assets\\Animations.meta": {
      "time": 1747560281967.1921
    },
    "C:\\Cocos\\ActionFit_Project\\assets\\Animations": {
      "time": 1747561295928.5972,
      "uuid": "7e93307f-eb2f-47cd-ae1d-b5eb13865512"
    },
    "C:\\Cocos\\ActionFit_Project\\assets\\Animations\\Y_Animation.anim.meta": {
      "time": 1747560406285.2388
    },
    "C:\\Cocos\\ActionFit_Project\\assets\\Animations\\Y_Animation.anim": {
      "time": 1747561187856.7412,
      "uuid": "d0ca01ce-f4cf-46cd-9d54-8d75d4df9635"
    },
    "C:\\Cocos\\ActionFit_Project\\assets\\Animations\\X_Animation.anim.meta": {
      "time": 1747560974556.2983
    },
    "C:\\Cocos\\ActionFit_Project\\assets\\Animations\\X_Animation.anim": {
      "time": 1747561203134.401,
      "uuid": "dc36640a-1992-4ff5-a865-afa788a1d82b"
    },
    "C:\\Cocos\\ActionFit_Project\\assets\\UI\\Block\\Rainbow.meta": {
      "time": 1747561258055.29
    },
    "C:\\Cocos\\ActionFit_Project\\assets\\UI\\Block\\Rainbow": {
      "time": 1747561284800.052,
      "uuid": "b63c3e93-8d50-43bb-a705-e4d4e1c1b909"
    },
    "C:\\Cocos\\ActionFit_Project\\assets\\UI\\Block\\Line_X.meta": {
      "time": 1747560949439.2363
    },
    "C:\\Cocos\\ActionFit_Project\\assets\\UI\\Block\\Line_X\\ani_line_x_slow_01.png.meta": {
      "time": 1747560963202.211
    },
    "C:\\Cocos\\ActionFit_Project\\assets\\UI\\Block\\Line_X\\ani_line_x_slow_02.png.meta": {
      "time": 1747560963205.2026
    },
    "C:\\Cocos\\ActionFit_Project\\assets\\UI\\Block\\Line_X\\ani_line_x_slow_03.png.meta": {
      "time": 1747560963214.1785
    },
    "C:\\Cocos\\ActionFit_Project\\assets\\UI\\Block\\Line_X\\ani_line_x_slow_04.png.meta": {
      "time": 1747560963208.1938
    },
    "C:\\Cocos\\ActionFit_Project\\assets\\UI\\Block\\Line_X\\ani_line_x_slow_05.png.meta": {
      "time": 1747560963239.111
    },
    "C:\\Cocos\\ActionFit_Project\\assets\\UI\\Block\\Line_X\\ani_line_x_slow_06.png.meta": {
      "time": 1747560963114.4739
    },
    "C:\\Cocos\\ActionFit_Project\\assets\\UI\\Block\\Line_X\\ani_line_x_slow_07.png.meta": {
      "time": 1747560962950.8818
    },
    "C:\\Cocos\\ActionFit_Project\\assets\\UI\\Block\\Line_X\\ani_line_x_slow_08.png.meta": {
      "time": 1747560962975.8164
    },
    "C:\\Cocos\\ActionFit_Project\\assets\\UI\\Block\\Line_X\\ani_line_x_slow_09.png.meta": {
      "time": 1747560963161.3193
    },
    "C:\\Cocos\\ActionFit_Project\\assets\\UI\\Block\\Line_X\\ani_line_x_slow_10.png.meta": {
      "time": 1747560963164.312
    },
    "C:\\Cocos\\ActionFit_Project\\assets\\UI\\Block\\Line_X\\ani_line_x_slow_11.png.meta": {
      "time": 1747560963166.3064
    },
    "C:\\Cocos\\ActionFit_Project\\assets\\UI\\Block\\Line_X\\ani_line_x_slow_12.png.meta": {
      "time": 1747560963170.296
    },
    "C:\\Cocos\\ActionFit_Project\\assets\\UI\\Block\\Line_X\\ani_line_x_slow_13.png.meta": {
      "time": 1747560963168.3008
    },
    "C:\\Cocos\\ActionFit_Project\\assets\\UI\\Block\\Line_X\\ani_line_x_slow_14.png.meta": {
      "time": 1747560963200.2158
    },
    "C:\\Cocos\\ActionFit_Project\\assets\\UI\\Block\\Line_X\\line_x.png.meta": {
      "time": 1747387388537.1882
    },
    "C:\\Cocos\\ActionFit_Project\\assets\\UI\\Block\\Line_X": {
      "time": 1747560962927.943,
      "uuid": "de124669-2949-4452-9357-8302394c5cf5"
    },
    "C:\\Cocos\\ActionFit_Project\\assets\\UI\\Block\\Line_X\\ani_line_x_slow_04.png": {
      "time": 1736497415000,
      "uuid": "2a32002d-9153-48ea-bcac-a448310ef9de"
    },
    "C:\\Cocos\\ActionFit_Project\\assets\\UI\\Block\\Line_X\\ani_line_x_slow_02.png": {
      "time": 1736497415000,
      "uuid": "9ddb4156-45af-489b-9e7c-d46044676560"
    },
    "C:\\Cocos\\ActionFit_Project\\assets\\UI\\Block\\Line_X\\ani_line_x_slow_03.png": {
      "time": 1736497415000,
      "uuid": "f008c97c-9e6d-4ec3-bbd9-ba6ae97dd81b"
    },
    "C:\\Cocos\\ActionFit_Project\\assets\\UI\\Block\\Line_X\\ani_line_x_slow_01.png": {
      "time": 1736497415000,
      "uuid": "e2d8f819-bb61-43b8-bd3c-3243ab01b6da"
    },
    "C:\\Cocos\\ActionFit_Project\\assets\\UI\\Block\\Line_X\\ani_line_x_slow_05.png": {
      "time": 1736497415000,
      "uuid": "38762314-eaf5-461b-bfdf-50bfbf65972a"
    },
    "C:\\Cocos\\ActionFit_Project\\assets\\UI\\Block\\Line_X\\ani_line_x_slow_08.png": {
      "time": 1736497414000,
      "uuid": "7a803e18-745f-45e9-89f1-342b5cf74d01"
    },
    "C:\\Cocos\\ActionFit_Project\\assets\\UI\\Block\\Line_X\\ani_line_x_slow_09.png": {
      "time": 1736497414000,
      "uuid": "d0863e7d-1cfb-4b47-9866-60fc9b22aaab"
    },
    "C:\\Cocos\\ActionFit_Project\\assets\\UI\\Block\\Line_X\\ani_line_x_slow_06.png": {
      "time": 1736497415000,
      "uuid": "58348d41-f2d9-4f24-9cef-9c9b3ab28ef6"
    },
    "C:\\Cocos\\ActionFit_Project\\assets\\UI\\Block\\Line_X\\ani_line_x_slow_07.png": {
      "time": 1736497415000,
      "uuid": "d06366d8-045f-460b-b091-d532741b68db"
    },
    "C:\\Cocos\\ActionFit_Project\\assets\\UI\\Block\\Line_X\\ani_line_x_slow_10.png": {
      "time": 1736497414000,
      "uuid": "474068fd-3c55-444c-abd1-f1d9aebd3b21"
    },
    "C:\\Cocos\\ActionFit_Project\\assets\\UI\\Block\\Line_X\\ani_line_x_slow_13.png": {
      "time": 1736497414000,
      "uuid": "b880fc84-becf-4de8-b56b-01d1a7637629"
    },
    "C:\\Cocos\\ActionFit_Project\\assets\\UI\\Block\\Line_X\\ani_line_x_slow_11.png": {
      "time": 1736497414000,
      "uuid": "219b7b57-5a6b-469c-957a-eb18ce40ddf3"
    },
    "C:\\Cocos\\ActionFit_Project\\assets\\UI\\Block\\Line_X\\ani_line_x_slow_12.png": {
      "time": 1736497414000,
      "uuid": "dc687650-9f03-442f-97dc-5d1b143b2684"
    },
    "C:\\Cocos\\ActionFit_Project\\assets\\UI\\Block\\Line_X\\ani_line_x_slow_14.png": {
      "time": 1736497414000,
      "uuid": "81cc8962-e9ec-4f6a-94d5-f08c680347f0"
    },
    "C:\\Cocos\\ActionFit_Project\\assets\\UI\\Block\\Line_X\\line_x.png": {
      "time": 1734338468000,
      "uuid": "94cd89fc-0396-4442-8e21-cb14f6e98108"
    },
    "C:\\Cocos\\ActionFit_Project\\assets\\UI\\Block\\Line_Y.meta": {
      "time": 1747560551240.7456
    },
    "C:\\Cocos\\ActionFit_Project\\assets\\UI\\Block\\Line_Y\\ani_line_y_slow_01.png.meta": {
      "time": 1747560560997.7283
    },
    "C:\\Cocos\\ActionFit_Project\\assets\\UI\\Block\\Line_Y\\ani_line_y_slow_02.png.meta": {
      "time": 1747560561006.7048
    },
    "C:\\Cocos\\ActionFit_Project\\assets\\UI\\Block\\Line_Y\\ani_line_y_slow_03.png.meta": {
      "time": 1747560561036.6255
    },
    "C:\\Cocos\\ActionFit_Project\\assets\\UI\\Block\\Line_Y\\ani_line_y_slow_04.png.meta": {
      "time": 1747560561043.6072
    },
    "C:\\Cocos\\ActionFit_Project\\assets\\UI\\Block\\Line_Y\\ani_line_y_slow_05.png.meta": {
      "time": 1747560561062.5557
    },
    "C:\\Cocos\\ActionFit_Project\\assets\\UI\\Block\\Line_Y\\ani_line_y_slow_06.png.meta": {
      "time": 1747560561044.605
    },
    "C:\\Cocos\\ActionFit_Project\\assets\\UI\\Block\\Line_Y\\ani_line_y_slow_07.png.meta": {
      "time": 1747560560808.236
    },
    "C:\\Cocos\\ActionFit_Project\\assets\\UI\\Block\\Line_Y\\ani_line_y_slow_08.png.meta": {
      "time": 1747560560784.3
    },
    "C:\\Cocos\\ActionFit_Project\\assets\\UI\\Block\\Line_Y\\ani_line_y_slow_09.png.meta": {
      "time": 1747560560952.8486
    },
    "C:\\Cocos\\ActionFit_Project\\assets\\UI\\Block\\Line_Y\\ani_line_y_slow_10.png.meta": {
      "time": 1747560561008.7004
    },
    "C:\\Cocos\\ActionFit_Project\\assets\\UI\\Block\\Line_Y\\ani_line_y_slow_11.png.meta": {
      "time": 1747560561004.7102
    },
    "C:\\Cocos\\ActionFit_Project\\assets\\UI\\Block\\Line_Y\\ani_line_y_slow_12.png.meta": {
      "time": 1747560560993.74
    },
    "C:\\Cocos\\ActionFit_Project\\assets\\UI\\Block\\Line_Y\\ani_line_y_slow_13.png.meta": {
      "time": 1747560561034.6296
    },
    "C:\\Cocos\\ActionFit_Project\\assets\\UI\\Block\\Line_Y\\ani_line_y_slow_14.png.meta": {
      "time": 1747560561042.6096
    },
    "C:\\Cocos\\ActionFit_Project\\assets\\UI\\Block\\Line_Y\\line_y.png.meta": {
      "time": 1747387390950.566
    },
    "C:\\Cocos\\ActionFit_Project\\assets\\UI\\Block\\Line_Y": {
      "time": 1747560560756.374,
      "uuid": "7550c7b0-bfa1-4532-b1a3-de5e04c6d678"
    },
    "C:\\Cocos\\ActionFit_Project\\assets\\UI\\Block\\Line_Y\\ani_line_y_slow_02.png": {
      "time": 1736497414000,
      "uuid": "2079f395-9ff3-4d86-b11c-3821a37f5ca2"
    },
    "C:\\Cocos\\ActionFit_Project\\assets\\UI\\Block\\Line_Y\\ani_line_y_slow_05.png": {
      "time": 1736497414000,
      "uuid": "8084325b-4228-4d0e-8187-806defa2644a"
    },
    "C:\\Cocos\\ActionFit_Project\\assets\\UI\\Block\\Line_Y\\ani_line_y_slow_03.png": {
      "time": 1736497414000,
      "uuid": "815529d8-08c6-427b-a220-adb46e8198f9"
    },
    "C:\\Cocos\\ActionFit_Project\\assets\\UI\\Block\\Line_Y\\ani_line_y_slow_01.png": {
      "time": 1736497414000,
      "uuid": "496b97a4-a836-4157-b9f5-d10dd7245c53"
    },
    "C:\\Cocos\\ActionFit_Project\\assets\\UI\\Block\\Line_Y\\ani_line_y_slow_04.png": {
      "time": 1736497414000,
      "uuid": "11841f5f-5503-4283-b8e5-33b0c4d23ae9"
    },
    "C:\\Cocos\\ActionFit_Project\\assets\\UI\\Block\\Line_Y\\ani_line_y_slow_06.png": {
      "time": 1736497414000,
      "uuid": "e38d153d-79e4-4293-b58d-b4c97bd5450a"
    },
    "C:\\Cocos\\ActionFit_Project\\assets\\UI\\Block\\Line_Y\\ani_line_y_slow_07.png": {
      "time": 1736497413000,
      "uuid": "7de2a842-38d1-43dd-b6d8-0de05e8eeb9b"
    },
    "C:\\Cocos\\ActionFit_Project\\assets\\UI\\Block\\Line_Y\\ani_line_y_slow_08.png": {
      "time": 1736497413000,
      "uuid": "9a9ac612-c35b-479a-8312-7a1b1782597b"
    },
    "C:\\Cocos\\ActionFit_Project\\assets\\UI\\Block\\Line_Y\\ani_line_y_slow_09.png": {
      "time": 1736497413000,
      "uuid": "790f4004-2b30-4513-a934-d421179a0321"
    },
    "C:\\Cocos\\ActionFit_Project\\assets\\UI\\Block\\Line_Y\\ani_line_y_slow_10.png": {
      "time": 1736497413000,
      "uuid": "703e2140-6738-4969-bfa0-692262578038"
    },
    "C:\\Cocos\\ActionFit_Project\\assets\\UI\\Block\\Line_Y\\ani_line_y_slow_12.png": {
      "time": 1736497413000,
      "uuid": "082e1773-6f35-4f06-829c-114872db6c10"
    },
    "C:\\Cocos\\ActionFit_Project\\assets\\UI\\Block\\Line_Y\\ani_line_y_slow_11.png": {
      "time": 1736497413000,
      "uuid": "5bb8df55-6fc1-4527-992c-99f3e1057f80"
    },
    "C:\\Cocos\\ActionFit_Project\\assets\\UI\\Block\\Line_Y\\ani_line_y_slow_14.png": {
      "time": 1736497413000,
      "uuid": "e8f5fb2f-7931-47fb-845f-17f2790ef9b2"
    },
    "C:\\Cocos\\ActionFit_Project\\assets\\UI\\Block\\Line_Y\\ani_line_y_slow_13.png": {
      "time": 1736497413000,
      "uuid": "ced81040-423c-4d28-b49d-4cfd994b583c"
    },
    "C:\\Cocos\\ActionFit_Project\\assets\\UI\\Block\\Line_Y\\line_y.png": {
      "time": 1734338468000,
      "uuid": "b0b4d8d3-1435-4816-b85f-75ea2241ceab"
    },
    "C:\\Cocos\\ActionFit_Project\\assets\\UI\\Block\\Rainbow\\rainbow.png.meta": {
      "time": 1747387392933.7544
    },
    "C:\\Cocos\\ActionFit_Project\\assets\\UI\\Block\\Rainbow\\rainbow.png": {
      "time": 1734338468000,
      "uuid": "94038c87-6f72-4c57-8da7-a1c9775a119f"
    },
    "C:\\Cocos\\ActionFit_Project\\assets\\UI\\Block\\Rainbow\\ani_rainbow_slow_02.png.meta": {
      "time": 1747561284818.0042
    },
    "C:\\Cocos\\ActionFit_Project\\assets\\UI\\Block\\Rainbow\\ani_rainbow_slow_01.png.meta": {
      "time": 1747561284841.9392
    },
    "C:\\Cocos\\ActionFit_Project\\assets\\UI\\Block\\Rainbow\\ani_rainbow_slow_03.png.meta": {
      "time": 1747561284864.879
    },
    "C:\\Cocos\\ActionFit_Project\\assets\\UI\\Block\\Rainbow\\ani_rainbow_slow_04.png.meta": {
      "time": 1747561285024.4514
    },
    "C:\\Cocos\\ActionFit_Project\\assets\\UI\\Block\\Rainbow\\ani_rainbow_slow_06.png.meta": {
      "time": 1747561285060.3555
    },
    "C:\\Cocos\\ActionFit_Project\\assets\\UI\\Block\\Rainbow\\ani_rainbow_slow_05.png.meta": {
      "time": 1747561285079.3042
    },
    "C:\\Cocos\\ActionFit_Project\\assets\\UI\\Block\\Rainbow\\ani_rainbow_slow_02.png": {
      "time": 1737424507000,
      "uuid": "933c1e46-4b2a-498e-9078-935d8e20d893"
    },
    "C:\\Cocos\\ActionFit_Project\\assets\\UI\\Block\\Rainbow\\ani_rainbow_slow_01.png": {
      "time": 1737424507000,
      "uuid": "1846569a-d842-4bae-b280-6a3770163f99"
    },
    "C:\\Cocos\\ActionFit_Project\\assets\\UI\\Block\\Rainbow\\ani_rainbow_slow_03.png": {
      "time": 1737424507000,
      "uuid": "e1a98a5c-5802-499e-8764-d5eddf8c233b"
    },
    "C:\\Cocos\\ActionFit_Project\\assets\\UI\\Block\\Rainbow\\ani_rainbow_slow_04.png": {
      "time": 1737424507000,
      "uuid": "3a81fd50-8f41-4cd1-a8dc-c2e53376b6a1"
    },
    "C:\\Cocos\\ActionFit_Project\\assets\\UI\\Block\\Rainbow\\ani_rainbow_slow_06.png": {
      "time": 1737424507000,
      "uuid": "13d67fef-648a-42e6-ac33-43ab38a3ab0e"
    },
    "C:\\Cocos\\ActionFit_Project\\assets\\UI\\Block\\Rainbow\\ani_rainbow_slow_05.png": {
      "time": 1737424507000,
      "uuid": "696a87a2-8bfc-496e-a522-15c794ca6959"
    },
    "C:\\Cocos\\ActionFit_Project\\assets\\Animations\\Rainbow_Animation.anim.meta": {
      "time": 1747561295961.51
    },
    "C:\\Cocos\\ActionFit_Project\\assets\\Animations\\Rainbow_Animation.anim": {
      "time": 1747561367853.682,
      "uuid": "e42128c6-dce1-472f-a052-7078a7be7dd4"
    }
  },
  "missing": {
    "47781677-2ff8-41b7-9147-737417015fd4": {
      "path": "C:\\Cocos\\ActionFit_Project\\assets\\UI\\Background\\image.png",
      "time": 1747287827000,
      "removeTime": 1747386814939
    },
    "08825dbd-1921-4cea-b8c4-ac1d448779a5": {
      "path": "C:\\Cocos\\ActionFit_Project\\assets\\UI\\Background\\chara.png",
      "time": 1747288251000,
      "removeTime": 1747386824739
    },
    "88ca4580-b114-4d97-b327-6904e5006753": {
      "path": "C:\\Cocos\\ActionFit_Project\\assets\\UI\\Background\\Panel_display.png",
      "time": 1738900585000,
      "removeTime": 1747386929478
    },
    "8fe86108-b71e-440c-a39b-b2a236de57bf": {
      "path": "C:\\Cocos\\ActionFit_Project\\assets\\UI\\Background\\Panel_guide.png",
      "time": 1739179001000,
      "removeTime": 1747386939631
    },
    "a88efc95-3083-4fea-97ce-0d3affdcb135": {
      "path": "C:\\Cocos\\ActionFit_Project\\assets\\UI\\Background\\Underbar.png",
      "time": 1734334221000,
      "removeTime": 1747386966170
    },
    "fed373b2-66cb-49c6-9107-ea3354cbbb20": {
      "path": "C:\\Cocos\\ActionFit_Project\\assets\\UI\\Background\\Top_Play_Bg_blue2.png",
      "time": 1738900352000,
      "removeTime": 1747386962079
    },
    "5b8fa15a-8fdb-47da-bbcb-b438ed48e403": {
      "path": "C:\\Cocos\\ActionFit_Project\\assets\\UI\\Background\\Top_Play_Table_blue.png",
      "time": 1738900353000,
      "removeTime": 1747386983913
    },
    "541446d4-4427-4637-b340-9c16d0044e12": {
      "path": "C:\\Cocos\\ActionFit_Project\\assets\\UI\\Block\\Red.prefab",
      "time": 1747388019230.7395,
      "removeTime": 1747388033182
    },
    "036123b0-8f51-401f-9c09-87352004afd0": {
      "path": "C:\\Cocos\\ActionFit_Project\\assets\\Scenes\\UIManager.ts",
      "time": 1747393296636.7434,
      "removeTime": 1747393299477
    },
    "ce7144be-793e-4623-be26-1d6da2451cbb": {
      "path": "C:\\Cocos\\ActionFit_Project\\assets\\Scripts\\Main.ts",
      "time": 1747393434303.2368,
      "removeTime": 1747393571238
    },
    "bc6b7cc3-1942-4a5c-acbd-bfabda11b77f": {
      "path": "C:\\Cocos\\ActionFit_Project\\assets\\Scripts\\Match3Game.ts",
      "time": 1747393351818.735,
      "removeTime": 1747393359182
    },
    "2e306359-b595-4201-85ca-61983ba343cb": {
      "path": "C:\\Cocos\\ActionFit_Project\\assets\\Scripts\\InputManager.ts",
      "time": 1747478869226.2808,
      "removeTime": 1747479203936
    },
    "7e93307f-eb2f-47cd-ae1d-b5eb13865512": {
      "path": "C:\\Cocos\\ActionFit_Project\\assets\\Animatinos",
      "time": 1747560281964.1997,
      "removeTime": 1747560288879
    },
    "b0b4d8d3-1435-4816-b85f-75ea2241ceab": {
      "path": "C:\\Cocos\\ActionFit_Project\\assets\\UI\\Block\\line_y\\line_y.png",
      "time": 1734338468000,
      "removeTime": 1747561271359
    },
    "94cd89fc-0396-4442-8e21-cb14f6e98108": {
      "path": "C:\\Cocos\\ActionFit_Project\\assets\\UI\\Block\\line_x\\line_x.png",
      "time": 1734338468000,
      "removeTime": 1747561266604
    },
    "de124669-2949-4452-9357-8302394c5cf5": {
      "path": "C:\\Cocos\\ActionFit_Project\\assets\\UI\\Block\\line_x",
      "time": 1747560962927.943,
      "removeTime": 1747561266604
    },
    "d06366d8-045f-460b-b091-d532741b68db": {
      "path": "C:\\Cocos\\ActionFit_Project\\assets\\UI\\Block\\line_x\\ani_line_x_slow_07.png",
      "time": 1736497415000,
      "removeTime": 1747561266604
    },
    "7a803e18-745f-45e9-89f1-342b5cf74d01": {
      "path": "C:\\Cocos\\ActionFit_Project\\assets\\UI\\Block\\line_x\\ani_line_x_slow_08.png",
      "time": 1736497414000,
      "removeTime": 1747561266604
    },
    "58348d41-f2d9-4f24-9cef-9c9b3ab28ef6": {
      "path": "C:\\Cocos\\ActionFit_Project\\assets\\UI\\Block\\line_x\\ani_line_x_slow_06.png",
      "time": 1736497415000,
      "removeTime": 1747561266604
    },
    "d0863e7d-1cfb-4b47-9866-60fc9b22aaab": {
      "path": "C:\\Cocos\\ActionFit_Project\\assets\\UI\\Block\\line_x\\ani_line_x_slow_09.png",
      "time": 1736497414000,
      "removeTime": 1747561266604
    },
    "474068fd-3c55-444c-abd1-f1d9aebd3b21": {
      "path": "C:\\Cocos\\ActionFit_Project\\assets\\UI\\Block\\line_x\\ani_line_x_slow_10.png",
      "time": 1736497414000,
      "removeTime": 1747561266605
    },
    "dc687650-9f03-442f-97dc-5d1b143b2684": {
      "path": "C:\\Cocos\\ActionFit_Project\\assets\\UI\\Block\\line_x\\ani_line_x_slow_12.png",
      "time": 1736497414000,
      "removeTime": 1747561266605
    },
    "219b7b57-5a6b-469c-957a-eb18ce40ddf3": {
      "path": "C:\\Cocos\\ActionFit_Project\\assets\\UI\\Block\\line_x\\ani_line_x_slow_11.png",
      "time": 1736497414000,
      "removeTime": 1747561266605
    },
    "b880fc84-becf-4de8-b56b-01d1a7637629": {
      "path": "C:\\Cocos\\ActionFit_Project\\assets\\UI\\Block\\line_x\\ani_line_x_slow_13.png",
      "time": 1736497414000,
      "removeTime": 1747561266605
    },
    "e2d8f819-bb61-43b8-bd3c-3243ab01b6da": {
      "path": "C:\\Cocos\\ActionFit_Project\\assets\\UI\\Block\\line_x\\ani_line_x_slow_01.png",
      "time": 1736497415000,
      "removeTime": 1747561266605
    },
    "81cc8962-e9ec-4f6a-94d5-f08c680347f0": {
      "path": "C:\\Cocos\\ActionFit_Project\\assets\\UI\\Block\\line_x\\ani_line_x_slow_14.png",
      "time": 1736497414000,
      "removeTime": 1747561266605
    },
    "9ddb4156-45af-489b-9e7c-d46044676560": {
      "path": "C:\\Cocos\\ActionFit_Project\\assets\\UI\\Block\\line_x\\ani_line_x_slow_02.png",
      "time": 1736497415000,
      "removeTime": 1747561266605
    },
    "2a32002d-9153-48ea-bcac-a448310ef9de": {
      "path": "C:\\Cocos\\ActionFit_Project\\assets\\UI\\Block\\line_x\\ani_line_x_slow_04.png",
      "time": 1736497415000,
      "removeTime": 1747561266605
    },
    "f008c97c-9e6d-4ec3-bbd9-ba6ae97dd81b": {
      "path": "C:\\Cocos\\ActionFit_Project\\assets\\UI\\Block\\line_x\\ani_line_x_slow_03.png",
      "time": 1736497415000,
      "removeTime": 1747561266605
    },
    "38762314-eaf5-461b-bfdf-50bfbf65972a": {
      "path": "C:\\Cocos\\ActionFit_Project\\assets\\UI\\Block\\line_x\\ani_line_x_slow_05.png",
      "time": 1736497415000,
      "removeTime": 1747561266605
    },
    "7550c7b0-bfa1-4532-b1a3-de5e04c6d678": {
      "path": "C:\\Cocos\\ActionFit_Project\\assets\\UI\\Block\\line_y",
      "time": 1747560560756.374,
      "removeTime": 1747561271359
    },
    "9a9ac612-c35b-479a-8312-7a1b1782597b": {
      "path": "C:\\Cocos\\ActionFit_Project\\assets\\UI\\Block\\line_y\\ani_line_y_slow_08.png",
      "time": 1736497413000,
      "removeTime": 1747561271359
    },
    "7de2a842-38d1-43dd-b6d8-0de05e8eeb9b": {
      "path": "C:\\Cocos\\ActionFit_Project\\assets\\UI\\Block\\line_y\\ani_line_y_slow_07.png",
      "time": 1736497413000,
      "removeTime": 1747561271359
    },
    "790f4004-2b30-4513-a934-d421179a0321": {
      "path": "C:\\Cocos\\ActionFit_Project\\assets\\UI\\Block\\line_y\\ani_line_y_slow_09.png",
      "time": 1736497413000,
      "removeTime": 1747561271359
    },
    "082e1773-6f35-4f06-829c-114872db6c10": {
      "path": "C:\\Cocos\\ActionFit_Project\\assets\\UI\\Block\\line_y\\ani_line_y_slow_12.png",
      "time": 1736497413000,
      "removeTime": 1747561271359
    },
    "5bb8df55-6fc1-4527-992c-99f3e1057f80": {
      "path": "C:\\Cocos\\ActionFit_Project\\assets\\UI\\Block\\line_y\\ani_line_y_slow_11.png",
      "time": 1736497413000,
      "removeTime": 1747561271359
    },
    "703e2140-6738-4969-bfa0-692262578038": {
      "path": "C:\\Cocos\\ActionFit_Project\\assets\\UI\\Block\\line_y\\ani_line_y_slow_10.png",
      "time": 1736497413000,
      "removeTime": 1747561271359
    },
    "496b97a4-a836-4157-b9f5-d10dd7245c53": {
      "path": "C:\\Cocos\\ActionFit_Project\\assets\\UI\\Block\\line_y\\ani_line_y_slow_01.png",
      "time": 1736497414000,
      "removeTime": 1747561271359
    },
    "2079f395-9ff3-4d86-b11c-3821a37f5ca2": {
      "path": "C:\\Cocos\\ActionFit_Project\\assets\\UI\\Block\\line_y\\ani_line_y_slow_02.png",
      "time": 1736497414000,
      "removeTime": 1747561271359
    },
    "ced81040-423c-4d28-b49d-4cfd994b583c": {
      "path": "C:\\Cocos\\ActionFit_Project\\assets\\UI\\Block\\line_y\\ani_line_y_slow_13.png",
      "time": 1736497413000,
      "removeTime": 1747561271359
    },
    "815529d8-08c6-427b-a220-adb46e8198f9": {
      "path": "C:\\Cocos\\ActionFit_Project\\assets\\UI\\Block\\line_y\\ani_line_y_slow_03.png",
      "time": 1736497414000,
      "removeTime": 1747561271359
    },
    "11841f5f-5503-4283-b8e5-33b0c4d23ae9": {
      "path": "C:\\Cocos\\ActionFit_Project\\assets\\UI\\Block\\line_y\\ani_line_y_slow_04.png",
      "time": 1736497414000,
      "removeTime": 1747561271360
    },
    "e38d153d-79e4-4293-b58d-b4c97bd5450a": {
      "path": "C:\\Cocos\\ActionFit_Project\\assets\\UI\\Block\\line_y\\ani_line_y_slow_06.png",
      "time": 1736497414000,
      "removeTime": 1747561271360
    },
    "e8f5fb2f-7931-47fb-845f-17f2790ef9b2": {
      "path": "C:\\Cocos\\ActionFit_Project\\assets\\UI\\Block\\line_y\\ani_line_y_slow_14.png",
      "time": 1736497413000,
      "removeTime": 1747561271360
    },
    "8084325b-4228-4d0e-8187-806defa2644a": {
      "path": "C:\\Cocos\\ActionFit_Project\\assets\\UI\\Block\\line_y\\ani_line_y_slow_05.png",
      "time": 1736497414000,
      "removeTime": 1747561271360
    },
    "94038c87-6f72-4c57-8da7-a1c9775a119f": {
      "path": "C:\\Cocos\\ActionFit_Project\\assets\\UI\\Block\\rainbow.png",
      "time": 1734338468000,
      "removeTime": 1747561275568
    },
    "3ee49165-4b10-4c2b-8846-49ea38c4342a": {
      "path": "C:\\Cocos\\ActionFit_Project\\assets\\Scripts\\MainWithDescription.ts",
      "time": 1747570473903.8792,
      "removeTime": 1747581823826
    },
    "1293f9cf-e85a-40c2-b761-ded1e9a19b18": {
      "path": "C:\\Cocos\\ActionFit_Project\\assets\\Scripts\\Temp.ts",
      "time": 1747581323484.0635,
      "removeTime": 1747581826659
    }
  }
}
