{
  "__type__": "cc.SpriteFrame",
  "content": {
    "name": "ani_line_y_slow_05",
    "atlas": "",
    "rect": {
      "x": 6,
      "y": 3,
      "width": 65,
      "height": 69
    },
    "offset": {
      "x": 2.5,
      "y": -1.5
    },
    "originalSize": {
      "width": 72,
      "height": 72
    },
    "rotated": false,
    "capInsets": [
      0,
      0,
      0,
      0
    ],
    "vertices": {
      "rawPosition": [
        -32.5,
        -34.5,
        0,
        32.5,
        -34.5,
        0,
        -32.5,
        34.5,
        0,
        32.5,
        34.5,
        0
      ],
      "indexes": [
        0,
        1,
        2,
        2,
        1,
        3
      ],
      "uv": [
        6,
        69,
        71,
        69,
        6,
        0,
        71,
        0
      ],
      "nuv": [
        0.08333333333333333,
        0,
        0.9861111111111112,
        0,
        0.08333333333333333,
        0.9583333333333334,
        0.9861111111111112,
        0.9583333333333334
      ],
      "minPos": {
        "x": -32.5,
        "y": -34.5,
        "z": 0
      },
      "maxPos": {
        "x": 32.5,
        "y": 34.5,
        "z": 0
      }
    },
    "texture": "8084325b-4228-4d0e-8187-806defa2644a@6c48a",
    "packable": true,
    "pixelsToUnit": 100,
    "pivot": {
      "x": 0.5,
      "y": 0.5
    },
    "meshType": 0
  }
}