{
  "__type__": "cc.SpriteFrame",
  "content": {
    "name": "ani_line_y_slow_07",
    "atlas": "",
    "rect": {
      "x": 7,
      "y": 3,
      "width": 62,
      "height": 68
    },
    "offset": {
      "x": 2,
      "y": -1
    },
    "originalSize": {
      "width": 72,
      "height": 72
    },
    "rotated": false,
    "capInsets": [
      0,
      0,
      0,
      0
    ],
    "vertices": {
      "rawPosition": [
        -31,
        -34,
        0,
        31,
        -34,
        0,
        -31,
        34,
        0,
        31,
        34,
        0
      ],
      "indexes": [
        0,
        1,
        2,
        2,
        1,
        3
      ],
      "uv": [
        7,
        69,
        69,
        69,
        7,
        1,
        69,
        1
      ],
      "nuv": [
        0.09722222222222222,
        0.013888888888888888,
        0.9583333333333334,
        0.013888888888888888,
        0.09722222222222222,
        0.9583333333333334,
        0.9583333333333334,
        0.9583333333333334
      ],
      "minPos": {
        "x": -31,
        "y": -34,
        "z": 0
      },
      "maxPos": {
        "x": 31,
        "y": 34,
        "z": 0
      }
    },
    "texture": "7de2a842-38d1-43dd-b6d8-0de05e8eeb9b@6c48a",
    "packable": true,
    "pixelsToUnit": 100,
    "pivot": {
      "x": 0.5,
      "y": 0.5
    },
    "meshType": 0
  }
}