{
  "__type__": "cc.SpriteFrame",
  "content": {
    "name": "Goal",
    "atlas": "",
    "rect": {
      "x": 0,
      "y": 0,
      "width": 180,
      "height": 140
    },
    "offset": {
      "x": 0,
      "y": 0
    },
    "originalSize": {
      "width": 180,
      "height": 140
    },
    "rotated": false,
    "capInsets": [
      0,
      0,
      0,
      0
    ],
    "vertices": {
      "rawPosition": [
        -90,
        -70,
        0,
        90,
        -70,
        0,
        -90,
        70,
        0,
        90,
        70,
        0
      ],
      "indexes": [
        0,
        1,
        2,
        2,
        1,
        3
      ],
      "uv": [
        0,
        140,
        180,
        140,
        0,
        0,
        180,
        0
      ],
      "nuv": [
        0,
        0,
        1,
        0,
        0,
        1,
        1,
        1
      ],
      "minPos": {
        "x": -90,
        "y": -70,
        "z": 0
      },
      "maxPos": {
        "x": 90,
        "y": 70,
        "z": 0
      }
    },
    "texture": "88ca4580-b114-4d97-b327-6904e5006753@6c48a",
    "packable": true,
    "pixelsToUnit": 100,
    "pivot": {
      "x": 0.5,
      "y": 0.5
    },
    "meshType": 0
  }
}