[1,["4dksw9IjpJdq0MR+1s1Ecg@f9941","e4ISjG3OFHL6BScHinvn3U","d0ygHO9M9GzZ1UjXXU35Y1","dcNmQKGZJP9ahlr6eIodgr","08LhdzbzVPBoKcEUhy22wQ@6c48a","08gl29GSFM6rjErB1Eh3ml@6c48a","10E6KQIOpLnbvFaA2YrQUI@6c48a","11hB9fVQNCg7jlM7DE0jrp@6c48a","131n/vZIpC5qwzQ6s4o6sO@6c48a","18Rlaa2EJLrrKAajdwFj+Z@6c48a","20efOVn/NNhrEcOCGjf1yi@6c48a","21m3tXWmtGnJV66xjOQN3z@6c48a","47eBZ3L/hBt5FHc3QXAV/U@f9941","fe03OyZstJxpEH6jNUy7sg@f9941","08gl29GSFM6rjErB1Eh3ml@f9941","8f6GEItx5EDKObsqI23le/@f9941","5bj6Faj9tH2rvLtDjtSOQD@f9941","88ykWAsRRNl7MnaQTlAGdT@f9941","a8jvyVMINP6pfODTr/3LE1@f9941","54FEbURCdGN7NAnBbQBE4S","7dC5zK4fNM/p6SgUin0Qss","3fyu8z3iJF/oVc0Xj+zwrz","44z+k6HhpDN68FleeKdMEB","f4LLH+AKhG/qHD3SvWAbW0","d9adqXxKFCqrmyejz7v7j7","53OQ5bB/1HTpc5jWOBJgXp","b7wzzubGxJDqPAYnoPMlaV","2aMgAtkVNI6ryspEgxDvne@6c48a","38diMU6vVGG7/fUL+/ZZcq@6c48a","3agf1Qj0FM0ajcwuUzdrah@6c48a","10E6KQIOpLnbvFaA2YrQUI@f9941","6f3PqGNUtEH7uOONmhO+cc@f9941","47QGj9PFVETKvR8dmuvTsh@6c48a","47eBZ3L/hBt5FHc3QXAV/U@6c48a","49a5ekqDZBV7n10Q3XJFxT@6c48a","4dksw9IjpJdq0MR+1s1Ecg@6c48a","4fepirEKJLLoxEmiUKmu5s@6c48a","94A4yHb3JMV42nocl3WhGf@f9941","4fepirEKJLLoxEmiUKmu5s@f9941","58NI1B8tlPJJzvnJs6so72@6c48a","5bj6Faj9tH2rvLtDjtSOQD@6c48a","5buN9Vb8FFJ5ksmfPhBX+A@6c48a","69aoeii/xJbqUiFceUymlZ@6c48a","6f3PqGNUtEH7uOONmhO+cc@6c48a","70PiFAZzhJab+gaSJiV4A4@6c48a","79D0AEKzBFE6k01CEXmgMh@6c48a","7agD4YdF9F6YnxNCtc900B@6c48a","bfY7sisz1CwIYF/ckHDLgm@f9941","7d4qhCONFD3bbYDeBejuub@6c48a","80hDJbQihNDoGHgG3vomRK@6c48a","81VSnYCMZCe6IgrbRugZj5@6c48a","81zIli6exPapTV8IxoA0fw@6c48a","88ykWAsRRNl7MnaQTlAGdT@6c48a","8f6GEItx5EDKObsqI23le/@6c48a","93PB5GSypJjpB4k12OINiT@6c48a","94A4yHb3JMV42nocl3WhGf@6c48a","94zYn8A5ZEQo4hyxT26YEI@6c48a","9amsYSw1tHmoMSehsXgll7@6c48a","9d20FWRa9Im5581GBEZ2Vg@6c48a","a8jvyVMINP6pfODTr/3LE1@6c48a","b0tNjTFDVIFrhfdeoiQc6r@6c48a","b8gPyEvs9N6LVrAdGnY3Yp@6c48a","bfY7sisz1CwIYF/ckHDLgm@6c48a","ce2BBAQjxNKLSdTP2ZS1g8@6c48a","d0Y2bYBF9GC7CR1TJ0G2jb@6c48a","d0hj59HPtLR5hmYPybIqqr@6c48a","b0tNjTFDVIFrhfdeoiQc6r@f9941","dcaHZQnwNEL5fcXRsUOyaE@6c48a","e1qYpcWAJJnodk1e3fjCM7@6c48a","e22PgZu2FDuL08MkOrAbba@6c48a","e3jRU9eeRCk7WNtMl71UUK@6c48a","e89fsveTFH+4RfF/J5Dvmy@6c48a","f0CMl8nm1Ow7vZumrpfdgb@6c48a","94zYn8A5ZEQo4hyxT26YEI@f9941","fe03OyZstJxpEH6jNUy7sg@6c48a"],["node","_textureSource","_spriteFrame","root","data","_defaultClip","_parent","_cameraComponent","scene","mainScript","moveLabel","gameManager","Line_XPrefab","Line_YPrefab","RainbowPrefab","rockPrefab"],["cc.SpriteFrame",["cc.Node",["_name","_layer","_id","_active","_components","_lpos","_parent","_children","_lscale","_prefab"],-1,9,5,1,2,5,4],["cc.UITransform",["node","_contentSize","__prefab"],3,1,5,4],["cc.Sprite",["_sizeMode","node","_spriteFrame","__prefab"],2,1,6,4],["cc.Node",["_name","_parent","_components","_lpos","_lscale"],2,1,12,5,5],["cc.SceneAsset",["_name"],2],["cc.Node",["_name","_parent","_components","_lpos"],2,1,2,5],["cc.Canvas",["node","_cameraComponent"],3,1,1],["cc.Widget",["_alignFlags","_top","_bottom","node"],0,1],["cc.Label",["_string","_actualFontSize","_fontSize","_isBold","_enableOutline","node"],-2,1],["03612Owj1FAH5wJhzUgBK/Q",["node","gameOverNode","gameClearNode"],3,1,1,1],["0be8e+cwh1E3bRce4HUDPoS",["node","blockPrefabs","boardNode","uiManager"],3,1,3,1,1],["cc.Scene",["_name","_children","_globals"],2,2,4],["cc.SceneGlobals",["ambient","shadows","_skybox","fog","octree","skin","lightProbeInfo","postSettings"],3,4,4,4,4,4,4,4,4],["cc.AmbientInfo",["_skyColorHDR","_groundAlbedoHDR"],3,5,5],["cc.ShadowsInfo",["_shadowColor","_size"],3,5,5],["cc.SkyboxInfo",[],3],["cc.FogInfo",[],3],["cc.OctreeInfo",[],3],["cc.SkinInfo",["_enabled"],2],["cc.LightProbeInfo",[],3],["cc.PostSettingsInfo",[],3],["cc.Camera",["_projection","_orthoHeight","_near","_far","_visibility","node","_color"],-2,1,5],["aeae41hY3JANYa5gCOJc/WL",["node","rockLabel","uiManager","boardNode","mainScript"],3,1,1,1,1,1],["cc.Prefab",["_name"],2],["cc.CompPrefabInfo",["fileId"],2],["cc.PrefabInfo",["fileId","instance","targetOverrides","nestedPrefabInstanceRoots","root","asset"],-1,1,1],["cc.Animation",["playOnLoad","node","__prefab","_clips","_defaultClip"],2,1,4,3,6]],[[25,0,2],[2,0,1,1],[1,0,1,4,9,8,3],[2,0,2,1,1],[3,1,3,2,1],[24,0,2],[26,0,1,2,3,4,5,5],[3,1,2,1],[2,0,1],[9,0,1,2,3,4,5,6],[1,0,1,6,4,5,3],[1,0,1,6,4,5,8,3],[1,0,6,4,5,8,2],[27,0,1,2,3,4,2],[1,0,6,7,4,2],[1,0,3,6,7,4,5,3],[4,0,1,2,3,4,2],[5,0,2],[1,0,7,5,2],[1,0,1,2,7,4,5,4],[4,0,1,2,3,2],[6,0,1,2,3,2],[7,0,1,1],[8,0,1,2,3,4],[3,0,1,2,2],[10,0,1,2,1],[11,0,1,2,3,1],[12,0,1,2,2],[13,0,1,2,3,4,5,6,7,1],[14,0,1,1],[15,0,1,1],[16,1],[17,1],[18,1],[19,0,2],[20,1],[21,1],[22,0,1,2,3,4,5,6,6],[23,0,1,2,3,4,1]],[[[{"name":"ani_line_y_slow_12","rect":{"x":4,"y":7,"width":68,"height":63},"offset":{"x":2,"y":-2.5},"originalSize":{"width":72,"height":72},"rotated":false,"capInsets":[0,0,0,0],"vertices":{"rawPosition":[-34,-31.5,0,34,-31.5,0,-34,31.5,0,34,31.5,0],"indexes":[0,1,2,2,1,3],"uv":[4,65,72,65,4,2,72,2],"nuv":[0.05555555555555555,0.027777777777777776,1,0.027777777777777776,0.05555555555555555,0.9027777777777778,1,0.9027777777777778],"minPos":{"x":-34,"y":-31.5,"z":0},"maxPos":{"x":34,"y":31.5,"z":0}},"packable":true,"pixelsToUnit":100,"pivot":{"x":0.5,"y":0.5},"meshType":0}],[0],0,[0],[1],[4]],[[{"name":"Character","rect":{"x":1,"y":0,"width":198,"height":250},"offset":{"x":0,"y":0},"originalSize":{"width":200,"height":250},"rotated":false,"capInsets":[0,0,0,0],"vertices":{"rawPosition":[-99,-125,0,99,-125,0,-99,125,0,99,125,0],"indexes":[0,1,2,2,1,3],"uv":[1,250,199,250,1,0,199,0],"nuv":[0.005,0,0.995,0,0.005,1,0.995,1],"minPos":{"x":-99,"y":-125,"z":0},"maxPos":{"x":99,"y":125,"z":0}},"packable":true,"pixelsToUnit":100,"pivot":{"x":0.5,"y":0.5},"meshType":0}],[0],0,[0],[1],[5]],[[{"name":"n_blue","rect":{"x":9,"y":6,"width":58,"height":65},"offset":{"x":2,"y":-2.5},"originalSize":{"width":72,"height":72},"rotated":false,"capInsets":[0,0,0,0],"vertices":{"rawPosition":[-29,-32.5,0,29,-32.5,0,-29,32.5,0,29,32.5,0],"indexes":[0,1,2,2,1,3],"uv":[9,66,67,66,9,1,67,1],"nuv":[0.125,0.013888888888888888,0.9305555555555556,0.013888888888888888,0.125,0.9166666666666666,0.9305555555555556,0.9166666666666666],"minPos":{"x":-29,"y":-32.5,"z":0},"maxPos":{"x":29,"y":32.5,"z":0}},"packable":true,"pixelsToUnit":100,"pivot":{"x":0.5,"y":0.5},"meshType":0}],[0],0,[0],[1],[6]],[[{"name":"ani_line_y_slow_04","rect":{"x":4,"y":5,"width":68,"height":66},"offset":{"x":2,"y":-2},"originalSize":{"width":72,"height":72},"rotated":false,"capInsets":[0,0,0,0],"vertices":{"rawPosition":[-34,-33,0,34,-33,0,-34,33,0,34,33,0],"indexes":[0,1,2,2,1,3],"uv":[4,67,72,67,4,1,72,1],"nuv":[0.05555555555555555,0.013888888888888888,1,0.013888888888888888,0.05555555555555555,0.9305555555555556,1,0.9305555555555556],"minPos":{"x":-34,"y":-33,"z":0},"maxPos":{"x":34,"y":33,"z":0}},"packable":true,"pixelsToUnit":100,"pivot":{"x":0.5,"y":0.5},"meshType":0}],[0],0,[0],[1],[7]],[[{"name":"ani_rainbow_slow_06","rect":{"x":6,"y":4,"width":64,"height":68},"offset":{"x":2,"y":-2},"originalSize":{"width":72,"height":72},"rotated":false,"capInsets":[0,0,0,0],"vertices":{"rawPosition":[-32,-34,0,32,-34,0,-32,34,0,32,34,0],"indexes":[0,1,2,2,1,3],"uv":[6,68,70,68,6,0,70,0],"nuv":[0.08333333333333333,0,0.9722222222222222,0,0.08333333333333333,0.9444444444444444,0.9722222222222222,0.9444444444444444],"minPos":{"x":-32,"y":-34,"z":0},"maxPos":{"x":32,"y":34,"z":0}},"packable":true,"pixelsToUnit":100,"pivot":{"x":0.5,"y":0.5},"meshType":0}],[0],0,[0],[1],[8]],[[{"name":"ani_rainbow_slow_01","rect":{"x":7,"y":4,"width":62,"height":68},"offset":{"x":2,"y":-2},"originalSize":{"width":72,"height":72},"rotated":false,"capInsets":[0,0,0,0],"vertices":{"rawPosition":[-31,-34,0,31,-34,0,-31,34,0,31,34,0],"indexes":[0,1,2,2,1,3],"uv":[7,68,69,68,7,0,69,0],"nuv":[0.09722222222222222,0,0.9583333333333334,0,0.09722222222222222,0.9444444444444444,0.9583333333333334,0.9444444444444444],"minPos":{"x":-31,"y":-34,"z":0},"maxPos":{"x":31,"y":34,"z":0}},"packable":true,"pixelsToUnit":100,"pivot":{"x":0.5,"y":0.5},"meshType":0}],[0],0,[0],[1],[9]],[[{"name":"ani_line_y_slow_02","rect":{"x":3,"y":6,"width":69,"height":63},"offset":{"x":1.5,"y":-1.5},"originalSize":{"width":72,"height":72},"rotated":false,"capInsets":[0,0,0,0],"vertices":{"rawPosition":[-34.5,-31.5,0,34.5,-31.5,0,-34.5,31.5,0,34.5,31.5,0],"indexes":[0,1,2,2,1,3],"uv":[3,66,72,66,3,3,72,3],"nuv":[0.041666666666666664,0.041666666666666664,1,0.041666666666666664,0.041666666666666664,0.9166666666666666,1,0.9166666666666666],"minPos":{"x":-34.5,"y":-31.5,"z":0},"maxPos":{"x":34.5,"y":31.5,"z":0}},"packable":true,"pixelsToUnit":100,"pivot":{"x":0.5,"y":0.5},"meshType":0}],[0],0,[0],[1],[10]],[[{"name":"ani_line_x_slow_11","rect":{"x":8,"y":3,"width":59,"height":69},"offset":{"x":1.5,"y":-1.5},"originalSize":{"width":72,"height":72},"rotated":false,"capInsets":[0,0,0,0],"vertices":{"rawPosition":[-29.5,-34.5,0,29.5,-34.5,0,-29.5,34.5,0,29.5,34.5,0],"indexes":[0,1,2,2,1,3],"uv":[8,69,67,69,8,0,67,0],"nuv":[0.1111111111111111,0,0.9305555555555556,0,0.1111111111111111,0.9583333333333334,0.9305555555555556,0.9583333333333334],"minPos":{"x":-29.5,"y":-34.5,"z":0},"maxPos":{"x":29.5,"y":34.5,"z":0}},"packable":true,"pixelsToUnit":100,"pivot":{"x":0.5,"y":0.5},"meshType":0}],[0],0,[0],[1],[11]],[[[17,"GameScene"],[18,"UI",[-1,-2,-3,-4,-5,-6,-7,-8,-9],[1,-320,-480.00000000000006,0]],[19,"Canvas",33554432,"beI88Z2HpFELqR4T5EMHpg",[1,-14,-15,-16,-17],[[1,-10,[5,640,960]],[22,-12,-11],[23,45,5.684341886080802e-14,5.684341886080802e-14,-13]],[1,320,480.00000000000006,0]],[20,"Board",2,[[[8,-18],-19,-20,-21],4,1,1,1],[1,0,-52.354,0]],[14,"RockUI",1,[-23,-24],[[8,-22]]],[14,"MoveCount",1,[-26,-27],[[8,-25]]],[15,"GameOver",false,2,[-29],[[8,-28]],[1,-320,-480.00000000000006,0]],[15,"GameClear",false,2,[-31],[[8,-30]],[1,-320,-480.00000000000006,0]],[10,"Background",33554432,1,[[1,-32,[5,640,960]],[24,0,-33,0]],[1,320,480.00000000000006,0]],[10,"Top",33554432,1,[[1,-34,[5,640,201]],[7,-35,1]],[1,320,860.3570000000001,0]],[11,"Character",33554432,1,[[1,-36,[5,198,250]],[7,-37,2]],[1,320,818.44,0],[1,0.677,0.677,0.677]],[10,"Move",33554432,1,[[1,-38,[5,175,110]],[7,-39,3]],[1,510.95500000000004,829.308,0]],[11,"Bottom",33554432,1,[[1,-40,[5,640,91]],[7,-41,4]],[1,320,750.131,0],[1,0.907,0.907,0.907]],[11,"Goal",33554432,1,[[1,-42,[5,180,140]],[7,-43,5]],[1,133.702,812.23,0],[1,0.907,0.907,0.907]],[11,"Under",33554432,1,[[1,-44,[5,640,153]],[7,-45,6]],[1,320,65.48900000000003,0],[1,0.857,0.857,0.857]],[10,"RockImg",33554432,4,[[1,-46,[5,62,67]],[7,-47,7]],[1,144.348,813.561,0]],[16,"RockCount",4,[[[1,-48,[5,26.24609375,54.4]],-49],4,1],[1,163.865,795.8190000000001,0],[1,2,2,1]],[16,"Count",5,[[[1,-50,[5,26.24609375,54.4]],-51],4,1],[1,510.961,833.874,0],[1,2.5,2.5,1.751]],[12,"MoveText",5,[[1,-52,[5,84,94.39999999999999]],[9,"이동횟수\n",20,20,true,true,-53]],[1,509.062,845.271,0],[1,2,2,2.163]],[25,3,6,7],[12,"GameClearLabel",6,[[1,-54,[5,126.236328125,54.4]],[9,"GAME OVER",20,20,true,true,-55]],[1,320.336,446.35,0],[1,4.175,4.175,4.175]],[12,"GameClearLabel",7,[[1,-56,[5,85.103515625,54.4]],[9,"CLEAR !",20,20,true,true,-57]],[1,320.336,446.35,0],[1,4.175,4.175,4.175]],[26,3,[8,9,10,11],3,19],[27,"GameScene",[2],[28,[29,[2,0,0,0,0.520833125],[2,0,0,0,0]],[30,[4,4283190348],[0,512,512]],[31],[32],[33],[34,false],[35],[36]]],[9,"32",20,20,true,true,16],[9,"30",20,20,true,true,17],[21,"Camera",2,[-58],[1,0,0,1000]],[37,0,480,0,2000,1108344832,26,[4,4278190080]],[38,3,24,19,3,22]],0,[0,-1,8,0,-2,9,0,-3,10,0,-4,11,0,-5,12,0,-6,13,0,-7,14,0,-8,4,0,-9,5,0,0,2,0,7,27,0,0,2,0,0,2,0,-2,26,0,-3,3,0,-4,6,0,-5,7,0,0,3,0,-2,19,0,-3,22,0,-4,28,0,0,4,0,-1,15,0,-2,16,0,0,5,0,-1,17,0,-2,18,0,0,6,0,-1,20,0,0,7,0,-1,21,0,0,8,0,0,8,0,0,9,0,0,9,0,0,10,0,0,10,0,0,11,0,0,11,0,0,12,0,0,12,0,0,13,0,0,13,0,0,14,0,0,14,0,0,15,0,0,15,0,0,16,0,-2,24,0,0,17,0,-2,25,0,0,18,0,0,18,0,0,20,0,0,20,0,0,21,0,0,21,0,-1,27,0,8,23,1,6,2,2,6,23,19,9,22,19,10,25,22,11,28,58],[0,0,0,0,0,0,0,0,0,0,0,0,22,22,22,28],[2,2,2,2,2,2,2,2,-1,-2,-3,-4,12,13,14,15],[12,13,14,15,16,17,18,0,19,20,21,22,23,24,25,26]],[[{"name":"ani_line_x_slow_04","rect":{"x":5,"y":4,"width":65,"height":68},"offset":{"x":1.5,"y":-2},"originalSize":{"width":72,"height":72},"rotated":false,"capInsets":[0,0,0,0],"vertices":{"rawPosition":[-32.5,-34,0,32.5,-34,0,-32.5,34,0,32.5,34,0],"indexes":[0,1,2,2,1,3],"uv":[5,68,70,68,5,0,70,0],"nuv":[0.06944444444444445,0,0.9722222222222222,0,0.06944444444444445,0.9444444444444444,0.9722222222222222,0.9444444444444444],"minPos":{"x":-32.5,"y":-34,"z":0},"maxPos":{"x":32.5,"y":34,"z":0}},"packable":true,"pixelsToUnit":100,"pivot":{"x":0.5,"y":0.5},"meshType":0}],[0],0,[0],[1],[27]],[[{"name":"ani_line_x_slow_05","rect":{"x":3,"y":6,"width":69,"height":66},"offset":{"x":1.5,"y":-3},"originalSize":{"width":72,"height":72},"rotated":false,"capInsets":[0,0,0,0],"vertices":{"rawPosition":[-34.5,-33,0,34.5,-33,0,-34.5,33,0,34.5,33,0],"indexes":[0,1,2,2,1,3],"uv":[3,66,72,66,3,0,72,0],"nuv":[0.041666666666666664,0,1,0,0.041666666666666664,0.9166666666666666,1,0.9166666666666666],"minPos":{"x":-34.5,"y":-33,"z":0},"maxPos":{"x":34.5,"y":33,"z":0}},"packable":true,"pixelsToUnit":100,"pivot":{"x":0.5,"y":0.5},"meshType":0}],[0],0,[0],[1],[28]],[[{"name":"ani_rainbow_slow_04","rect":{"x":6,"y":4,"width":64,"height":68},"offset":{"x":2,"y":-2},"originalSize":{"width":72,"height":72},"rotated":false,"capInsets":[0,0,0,0],"vertices":{"rawPosition":[-32,-34,0,32,-34,0,-32,34,0,32,34,0],"indexes":[0,1,2,2,1,3],"uv":[6,68,70,68,6,0,70,0],"nuv":[0.08333333333333333,0,0.9722222222222222,0,0.08333333333333333,0.9444444444444444,0.9722222222222222,0.9444444444444444],"minPos":{"x":-32,"y":-34,"z":0},"maxPos":{"x":32,"y":34,"z":0}},"packable":true,"pixelsToUnit":100,"pivot":{"x":0.5,"y":0.5},"meshType":0}],[0],0,[0],[1],[29]],[[[5,"Blue"],[2,"Blue",33554432,[[3,-2,[0,"98R0tQnUpIs4ZNUvpPm+Gm"],[5,58,65]],[4,-3,[0,"09dadenF1JHZZDQIybeQWg"],0]],[6,"29Q1UU7kVEC6VUXNs3ImTN",null,null,null,-1,0],[1,0.8,0.8,1]]],0,[0,3,1,0,0,1,0,0,1,0,4,1,3],[0],[2],[30]],[[[5,"Green"],[2,"Green",33554432,[[3,-2,[0,"57ZyumO51OMalbMYXuFgZ2"],[5,60,68]],[4,-3,[0,"5bw+tWsDNFrI2dExtXgQGD"],0]],[6,"50zoHOl9BOT6O4nxah+n9b",null,null,null,-1,0],[1,0.8,0.8,1]]],0,[0,3,1,0,0,1,0,0,1,0,4,1,3],[0],[2],[31]],[[{"name":"ani_line_x_slow_10","rect":{"x":8,"y":3,"width":59,"height":69},"offset":{"x":1.5,"y":-1.5},"originalSize":{"width":72,"height":72},"rotated":false,"capInsets":[0,0,0,0],"vertices":{"rawPosition":[-29.5,-34.5,0,29.5,-34.5,0,-29.5,34.5,0,29.5,34.5,0],"indexes":[0,1,2,2,1,3],"uv":[8,69,67,69,8,0,67,0],"nuv":[0.1111111111111111,0,0.9305555555555556,0,0.1111111111111111,0.9583333333333334,0.9305555555555556,0.9583333333333334],"minPos":{"x":-29.5,"y":-34.5,"z":0},"maxPos":{"x":29.5,"y":34.5,"z":0}},"packable":true,"pixelsToUnit":100,"pivot":{"x":0.5,"y":0.5},"meshType":0}],[0],0,[0],[1],[32]],[[{"name":"Background","rect":{"x":0,"y":0,"width":1080,"height":1898},"offset":{"x":0,"y":0},"originalSize":{"width":1080,"height":1898},"rotated":false,"capInsets":[0,0,0,0],"vertices":{"rawPosition":[-540,-949,0,540,-949,0,-540,949,0,540,949,0],"indexes":[0,1,2,2,1,3],"uv":[0,1898,1080,1898,0,0,1080,0],"nuv":[0,0,1,0,0,1,1,1],"minPos":{"x":-540,"y":-949,"z":0},"maxPos":{"x":540,"y":949,"z":0}},"packable":true,"pixelsToUnit":100,"pivot":{"x":0.5,"y":0.5},"meshType":0}],[0],0,[0],[1],[33]],[[{"name":"ani_line_y_slow_01","rect":{"x":4,"y":5,"width":68,"height":65},"offset":{"x":2,"y":-1.5},"originalSize":{"width":72,"height":72},"rotated":false,"capInsets":[0,0,0,0],"vertices":{"rawPosition":[-34,-32.5,0,34,-32.5,0,-34,32.5,0,34,32.5,0],"indexes":[0,1,2,2,1,3],"uv":[4,67,72,67,4,2,72,2],"nuv":[0.05555555555555555,0.027777777777777776,1,0.027777777777777776,0.05555555555555555,0.9305555555555556,1,0.9305555555555556],"minPos":{"x":-34,"y":-32.5,"z":0},"maxPos":{"x":34,"y":32.5,"z":0}},"packable":true,"pixelsToUnit":100,"pivot":{"x":0.5,"y":0.5},"meshType":0}],[0],0,[0],[1],[34]],[[{"name":"rock_1","rect":{"x":7,"y":5,"width":62,"height":67},"offset":{"x":2,"y":-2.5},"originalSize":{"width":72,"height":72},"rotated":false,"capInsets":[0,0,0,0],"vertices":{"rawPosition":[-31,-33.5,0,31,-33.5,0,-31,33.5,0,31,33.5,0],"indexes":[0,1,2,2,1,3],"uv":[7,67,69,67,7,0,69,0],"nuv":[0.09722222222222222,0,0.9583333333333334,0,0.09722222222222222,0.9305555555555556,0.9583333333333334,0.9305555555555556],"minPos":{"x":-31,"y":-33.5,"z":0},"maxPos":{"x":31,"y":33.5,"z":0}},"packable":true,"pixelsToUnit":100,"pivot":{"x":0.5,"y":0.5},"meshType":0}],[0],0,[0],[1],[35]],[[{"name":"n_1","rect":{"x":8,"y":5,"width":59,"height":65},"offset":{"x":1.5,"y":-1.5},"originalSize":{"width":72,"height":72},"rotated":false,"capInsets":[0,0,0,0],"vertices":{"rawPosition":[-29.5,-32.5,0,29.5,-32.5,0,-29.5,32.5,0,29.5,32.5,0],"indexes":[0,1,2,2,1,3],"uv":[8,67,67,67,8,2,67,2],"nuv":[0.1111111111111111,0.027777777777777776,0.9305555555555556,0.027777777777777776,0.1111111111111111,0.9305555555555556,0.9305555555555556,0.9305555555555556],"minPos":{"x":-29.5,"y":-32.5,"z":0},"maxPos":{"x":29.5,"y":32.5,"z":0}},"packable":true,"pixelsToUnit":100,"pivot":{"x":0.5,"y":0.5},"meshType":0}],[0],0,[0],[1],[36]],[[[5,"Rainbow"],[2,"Rainbow",33554432,[[3,-2,[0,"f1w2OEJJ1E55aNk1H5tcBj"],[5,62,68]],[4,-3,[0,"adsmwfngJLXI0kXT7pwH4t"],0],[13,true,-4,[0,"69SSKMzwBD97l0hsUAeC8B"],[1],2]],[6,"f5mDO3KBtBhL734H325bnD",null,null,null,-1,0],[1,0.8,0.8,1]]],0,[0,3,1,0,0,1,0,0,1,0,0,1,0,4,1,4],[0,0,0],[2,-1,5],[37,1,1]],[[[5,"Red"],[2,"Red",33554432,[[3,-2,[0,"3dQOaCgUpDpoK3kicZc+mb"],[5,59,65]],[4,-3,[0,"3411thY7xPvoS7fHsuQfZ9"],0]],[6,"adfyX8JUBMW77Yak1utHnR",null,null,null,-1,0],[1,0.8,0.8,0.635]]],0,[0,3,1,0,0,1,0,0,1,0,4,1,3],[0],[2],[38]],[[{"name":"ani_line_x_slow_06","rect":{"x":2,"y":7,"width":70,"height":64},"offset":{"x":1,"y":-3},"originalSize":{"width":72,"height":72},"rotated":false,"capInsets":[0,0,0,0],"vertices":{"rawPosition":[-35,-32,0,35,-32,0,-35,32,0,35,32,0],"indexes":[0,1,2,2,1,3],"uv":[2,65,72,65,2,1,72,1],"nuv":[0.027777777777777776,0.013888888888888888,1,0.013888888888888888,0.027777777777777776,0.9027777777777778,1,0.9027777777777778],"minPos":{"x":-35,"y":-32,"z":0},"maxPos":{"x":35,"y":32,"z":0}},"packable":true,"pixelsToUnit":100,"pivot":{"x":0.5,"y":0.5},"meshType":0}],[0],0,[0],[1],[39]],[[{"name":"Bottom","rect":{"x":0,"y":0,"width":640,"height":91},"offset":{"x":0,"y":0},"originalSize":{"width":640,"height":91},"rotated":false,"capInsets":[0,0,0,0],"vertices":{"rawPosition":[-320,-45.5,0,320,-45.5,0,-320,45.5,0,320,45.5,0],"indexes":[0,1,2,2,1,3],"uv":[0,91,640,91,0,0,640,0],"nuv":[0,0,1,0,0,1,1,1],"minPos":{"x":-320,"y":-45.5,"z":0},"maxPos":{"x":320,"y":45.5,"z":0}},"packable":true,"pixelsToUnit":100,"pivot":{"x":0.5,"y":0.5},"meshType":0}],[0],0,[0],[1],[40]],[[{"name":"ani_line_y_slow_11","rect":{"x":3,"y":8,"width":69,"height":60},"offset":{"x":1.5,"y":-2},"originalSize":{"width":72,"height":72},"rotated":false,"capInsets":[0,0,0,0],"vertices":{"rawPosition":[-34.5,-30,0,34.5,-30,0,-34.5,30,0,34.5,30,0],"indexes":[0,1,2,2,1,3],"uv":[3,64,72,64,3,4,72,4],"nuv":[0.041666666666666664,0.05555555555555555,1,0.05555555555555555,0.041666666666666664,0.8888888888888888,1,0.8888888888888888],"minPos":{"x":-34.5,"y":-30,"z":0},"maxPos":{"x":34.5,"y":30,"z":0}},"packable":true,"pixelsToUnit":100,"pivot":{"x":0.5,"y":0.5},"meshType":0}],[0],0,[0],[1],[41]],[[{"name":"ani_rainbow_slow_05","rect":{"x":7,"y":4,"width":62,"height":68},"offset":{"x":2,"y":-2},"originalSize":{"width":72,"height":72},"rotated":false,"capInsets":[0,0,0,0],"vertices":{"rawPosition":[-31,-34,0,31,-34,0,-31,34,0,31,34,0],"indexes":[0,1,2,2,1,3],"uv":[7,68,69,68,7,0,69,0],"nuv":[0.09722222222222222,0,0.9583333333333334,0,0.09722222222222222,0.9444444444444444,0.9583333333333334,0.9444444444444444],"minPos":{"x":-31,"y":-34,"z":0},"maxPos":{"x":31,"y":34,"z":0}},"packable":true,"pixelsToUnit":100,"pivot":{"x":0.5,"y":0.5},"meshType":0}],[0],0,[0],[1],[42]],[[{"name":"n_green","rect":{"x":8,"y":4,"width":60,"height":68},"offset":{"x":2,"y":-2},"originalSize":{"width":72,"height":72},"rotated":false,"capInsets":[0,0,0,0],"vertices":{"rawPosition":[-30,-34,0,30,-34,0,-30,34,0,30,34,0],"indexes":[0,1,2,2,1,3],"uv":[8,68,68,68,8,0,68,0],"nuv":[0.1111111111111111,0,0.9444444444444444,0,0.1111111111111111,0.9444444444444444,0.9444444444444444,0.9444444444444444],"minPos":{"x":-30,"y":-34,"z":0},"maxPos":{"x":30,"y":34,"z":0}},"packable":true,"pixelsToUnit":100,"pivot":{"x":0.5,"y":0.5},"meshType":0}],[0],0,[0],[1],[43]],[[{"name":"ani_line_y_slow_10","rect":{"x":3,"y":8,"width":69,"height":60},"offset":{"x":1.5,"y":-2},"originalSize":{"width":72,"height":72},"rotated":false,"capInsets":[0,0,0,0],"vertices":{"rawPosition":[-34.5,-30,0,34.5,-30,0,-34.5,30,0,34.5,30,0],"indexes":[0,1,2,2,1,3],"uv":[3,64,72,64,3,4,72,4],"nuv":[0.041666666666666664,0.05555555555555555,1,0.05555555555555555,0.041666666666666664,0.8888888888888888,1,0.8888888888888888],"minPos":{"x":-34.5,"y":-30,"z":0},"maxPos":{"x":34.5,"y":30,"z":0}},"packable":true,"pixelsToUnit":100,"pivot":{"x":0.5,"y":0.5},"meshType":0}],[0],0,[0],[1],[44]],[[{"name":"ani_line_y_slow_09","rect":{"x":4,"y":7,"width":68,"height":61},"offset":{"x":2,"y":-1.5},"originalSize":{"width":72,"height":72},"rotated":false,"capInsets":[0,0,0,0],"vertices":{"rawPosition":[-34,-30.5,0,34,-30.5,0,-34,30.5,0,34,30.5,0],"indexes":[0,1,2,2,1,3],"uv":[4,65,72,65,4,4,72,4],"nuv":[0.05555555555555555,0.05555555555555555,1,0.05555555555555555,0.05555555555555555,0.9027777777777778,1,0.9027777777777778],"minPos":{"x":-34,"y":-30.5,"z":0},"maxPos":{"x":34,"y":30.5,"z":0}},"packable":true,"pixelsToUnit":100,"pivot":{"x":0.5,"y":0.5},"meshType":0}],[0],0,[0],[1],[45]],[[{"name":"ani_line_x_slow_08","rect":{"x":5,"y":6,"width":63,"height":66},"offset":{"x":0.5,"y":-3},"originalSize":{"width":72,"height":72},"rotated":false,"capInsets":[0,0,0,0],"vertices":{"rawPosition":[-31.5,-33,0,31.5,-33,0,-31.5,33,0,31.5,33,0],"indexes":[0,1,2,2,1,3],"uv":[5,66,68,66,5,0,68,0],"nuv":[0.06944444444444445,0,0.9444444444444444,0,0.06944444444444445,0.9166666666666666,0.9444444444444444,0.9166666666666666],"minPos":{"x":-31.5,"y":-33,"z":0},"maxPos":{"x":31.5,"y":33,"z":0}},"packable":true,"pixelsToUnit":100,"pivot":{"x":0.5,"y":0.5},"meshType":0}],[0],0,[0],[1],[46]],[[[5,"Yellow"],[2,"Yellow",33554432,[[3,-2,[0,"batJIqisJFgJs0kaG+Me+V"],[5,63,65]],[4,-3,[0,"92PSpXo+hAtLKhZWzap94a"],0]],[6,"79Il3GioRNZ4Fs+WBy9JFz",null,null,null,-1,0],[1,0.8,0.8,1]]],0,[0,3,1,0,0,1,0,0,1,0,4,1,3],[0],[2],[47]],[[{"name":"ani_line_y_slow_07","rect":{"x":7,"y":3,"width":62,"height":68},"offset":{"x":2,"y":-1},"originalSize":{"width":72,"height":72},"rotated":false,"capInsets":[0,0,0,0],"vertices":{"rawPosition":[-31,-34,0,31,-34,0,-31,34,0,31,34,0],"indexes":[0,1,2,2,1,3],"uv":[7,69,69,69,7,1,69,1],"nuv":[0.09722222222222222,0.013888888888888888,0.9583333333333334,0.013888888888888888,0.09722222222222222,0.9583333333333334,0.9583333333333334,0.9583333333333334],"minPos":{"x":-31,"y":-34,"z":0},"maxPos":{"x":31,"y":34,"z":0}},"packable":true,"pixelsToUnit":100,"pivot":{"x":0.5,"y":0.5},"meshType":0}],[0],0,[0],[1],[48]],[[{"name":"ani_line_y_slow_05","rect":{"x":6,"y":3,"width":65,"height":69},"offset":{"x":2.5,"y":-1.5},"originalSize":{"width":72,"height":72},"rotated":false,"capInsets":[0,0,0,0],"vertices":{"rawPosition":[-32.5,-34.5,0,32.5,-34.5,0,-32.5,34.5,0,32.5,34.5,0],"indexes":[0,1,2,2,1,3],"uv":[6,69,71,69,6,0,71,0],"nuv":[0.08333333333333333,0,0.9861111111111112,0,0.08333333333333333,0.9583333333333334,0.9861111111111112,0.9583333333333334],"minPos":{"x":-32.5,"y":-34.5,"z":0},"maxPos":{"x":32.5,"y":34.5,"z":0}},"packable":true,"pixelsToUnit":100,"pivot":{"x":0.5,"y":0.5},"meshType":0}],[0],0,[0],[1],[49]],[[{"name":"ani_line_y_slow_03","rect":{"x":3,"y":6,"width":69,"height":63},"offset":{"x":1.5,"y":-1.5},"originalSize":{"width":72,"height":72},"rotated":false,"capInsets":[0,0,0,0],"vertices":{"rawPosition":[-34.5,-31.5,0,34.5,-31.5,0,-34.5,31.5,0,34.5,31.5,0],"indexes":[0,1,2,2,1,3],"uv":[3,66,72,66,3,3,72,3],"nuv":[0.041666666666666664,0.041666666666666664,1,0.041666666666666664,0.041666666666666664,0.9166666666666666,1,0.9166666666666666],"minPos":{"x":-34.5,"y":-31.5,"z":0},"maxPos":{"x":34.5,"y":31.5,"z":0}},"packable":true,"pixelsToUnit":100,"pivot":{"x":0.5,"y":0.5},"meshType":0}],[0],0,[0],[1],[50]],[[{"name":"ani_line_x_slow_14","rect":{"x":5,"y":5,"width":66,"height":67},"offset":{"x":2,"y":-2.5},"originalSize":{"width":72,"height":72},"rotated":false,"capInsets":[0,0,0,0],"vertices":{"rawPosition":[-33,-33.5,0,33,-33.5,0,-33,33.5,0,33,33.5,0],"indexes":[0,1,2,2,1,3],"uv":[5,67,71,67,5,0,71,0],"nuv":[0.06944444444444445,0,0.9861111111111112,0,0.06944444444444445,0.9305555555555556,0.9861111111111112,0.9305555555555556],"minPos":{"x":-33,"y":-33.5,"z":0},"maxPos":{"x":33,"y":33.5,"z":0}},"packable":true,"pixelsToUnit":100,"pivot":{"x":0.5,"y":0.5},"meshType":0}],[0],0,[0],[1],[51]],[[{"name":"Goal","rect":{"x":0,"y":0,"width":180,"height":140},"offset":{"x":0,"y":0},"originalSize":{"width":180,"height":140},"rotated":false,"capInsets":[0,0,0,0],"vertices":{"rawPosition":[-90,-70,0,90,-70,0,-90,70,0,90,70,0],"indexes":[0,1,2,2,1,3],"uv":[0,140,180,140,0,0,180,0],"nuv":[0,0,1,0,0,1,1,1],"minPos":{"x":-90,"y":-70,"z":0},"maxPos":{"x":90,"y":70,"z":0}},"packable":true,"pixelsToUnit":100,"pivot":{"x":0.5,"y":0.5},"meshType":0}],[0],0,[0],[1],[52]],[[{"name":"Move","rect":{"x":0,"y":0,"width":175,"height":110},"offset":{"x":0,"y":0},"originalSize":{"width":175,"height":110},"rotated":false,"capInsets":[0,0,0,0],"vertices":{"rawPosition":[-87.5,-55,0,87.5,-55,0,-87.5,55,0,87.5,55,0],"indexes":[0,1,2,2,1,3],"uv":[0,110,175,110,0,0,175,0],"nuv":[0,0,1,0,0,1,1,1],"minPos":{"x":-87.5,"y":-55,"z":0},"maxPos":{"x":87.5,"y":55,"z":0}},"packable":true,"pixelsToUnit":100,"pivot":{"x":0.5,"y":0.5},"meshType":0}],[0],0,[0],[1],[53]],[[{"name":"ani_rainbow_slow_02","rect":{"x":6,"y":4,"width":64,"height":68},"offset":{"x":2,"y":-2},"originalSize":{"width":72,"height":72},"rotated":false,"capInsets":[0,0,0,0],"vertices":{"rawPosition":[-32,-34,0,32,-34,0,-32,34,0,32,34,0],"indexes":[0,1,2,2,1,3],"uv":[6,68,70,68,6,0,70,0],"nuv":[0.08333333333333333,0,0.9722222222222222,0,0.08333333333333333,0.9444444444444444,0.9722222222222222,0.9444444444444444],"minPos":{"x":-32,"y":-34,"z":0},"maxPos":{"x":32,"y":34,"z":0}},"packable":true,"pixelsToUnit":100,"pivot":{"x":0.5,"y":0.5},"meshType":0}],[0],0,[0],[1],[54]],[[{"name":"rainbow","rect":{"x":7,"y":4,"width":62,"height":68},"offset":{"x":2,"y":-2},"originalSize":{"width":72,"height":72},"rotated":false,"capInsets":[0,0,0,0],"vertices":{"rawPosition":[-31,-34,0,31,-34,0,-31,34,0,31,34,0],"indexes":[0,1,2,2,1,3],"uv":[7,68,69,68,7,0,69,0],"nuv":[0.09722222222222222,0,0.9583333333333334,0,0.09722222222222222,0.9444444444444444,0.9583333333333334,0.9444444444444444],"minPos":{"x":-31,"y":-34,"z":0},"maxPos":{"x":31,"y":34,"z":0}},"packable":true,"pixelsToUnit":100,"pivot":{"x":0.5,"y":0.5},"meshType":0}],[0],0,[0],[1],[55]],[[{"name":"line_x","rect":{"x":5,"y":5,"width":66,"height":67},"offset":{"x":2,"y":-2.5},"originalSize":{"width":72,"height":72},"rotated":false,"capInsets":[0,0,0,0],"vertices":{"rawPosition":[-33,-33.5,0,33,-33.5,0,-33,33.5,0,33,33.5,0],"indexes":[0,1,2,2,1,3],"uv":[5,67,71,67,5,0,71,0],"nuv":[0.06944444444444445,0,0.9861111111111112,0,0.06944444444444445,0.9305555555555556,0.9861111111111112,0.9305555555555556],"minPos":{"x":-33,"y":-33.5,"z":0},"maxPos":{"x":33,"y":33.5,"z":0}},"packable":true,"pixelsToUnit":100,"pivot":{"x":0.5,"y":0.5},"meshType":0}],[0],0,[0],[1],[56]],[[{"name":"ani_line_y_slow_08","rect":{"x":6,"y":5,"width":65,"height":64},"offset":{"x":2.5,"y":-1},"originalSize":{"width":72,"height":72},"rotated":false,"capInsets":[0,0,0,0],"vertices":{"rawPosition":[-32.5,-32,0,32.5,-32,0,-32.5,32,0,32.5,32,0],"indexes":[0,1,2,2,1,3],"uv":[6,67,71,67,6,3,71,3],"nuv":[0.08333333333333333,0.041666666666666664,0.9861111111111112,0.041666666666666664,0.08333333333333333,0.9305555555555556,0.9861111111111112,0.9305555555555556],"minPos":{"x":-32.5,"y":-32,"z":0},"maxPos":{"x":32.5,"y":32,"z":0}},"packable":true,"pixelsToUnit":100,"pivot":{"x":0.5,"y":0.5},"meshType":0}],[0],0,[0],[1],[57]],[[{"name":"ani_line_x_slow_02","rect":{"x":6,"y":3,"width":62,"height":69},"offset":{"x":1,"y":-1.5},"originalSize":{"width":72,"height":72},"rotated":false,"capInsets":[0,0,0,0],"vertices":{"rawPosition":[-31,-34.5,0,31,-34.5,0,-31,34.5,0,31,34.5,0],"indexes":[0,1,2,2,1,3],"uv":[6,69,68,69,6,0,68,0],"nuv":[0.08333333333333333,0,0.9444444444444444,0,0.08333333333333333,0.9583333333333334,0.9444444444444444,0.9583333333333334],"minPos":{"x":-31,"y":-34.5,"z":0},"maxPos":{"x":31,"y":34.5,"z":0}},"packable":true,"pixelsToUnit":100,"pivot":{"x":0.5,"y":0.5},"meshType":0}],[0],0,[0],[1],[58]],[[{"name":"Under","rect":{"x":0,"y":0,"width":640,"height":153},"offset":{"x":0,"y":0},"originalSize":{"width":640,"height":153},"rotated":false,"capInsets":[0,0,0,0],"vertices":{"rawPosition":[-320,-76.5,0,320,-76.5,0,-320,76.5,0,320,76.5,0],"indexes":[0,1,2,2,1,3],"uv":[0,153,640,153,0,0,640,0],"nuv":[0,0,1,0,0,1,1,1],"minPos":{"x":-320,"y":-76.5,"z":0},"maxPos":{"x":320,"y":76.5,"z":0}},"packable":true,"pixelsToUnit":100,"pivot":{"x":0.5,"y":0.5},"meshType":0}],[0],0,[0],[1],[59]],[[{"name":"line_y","rect":{"x":5,"y":5,"width":66,"height":67},"offset":{"x":2,"y":-2.5},"originalSize":{"width":72,"height":72},"rotated":false,"capInsets":[0,0,0,0],"vertices":{"rawPosition":[-33,-33.5,0,33,-33.5,0,-33,33.5,0,33,33.5,0],"indexes":[0,1,2,2,1,3],"uv":[5,67,71,67,5,0,71,0],"nuv":[0.06944444444444445,0,0.9861111111111112,0,0.06944444444444445,0.9305555555555556,0.9861111111111112,0.9305555555555556],"minPos":{"x":-33,"y":-33.5,"z":0},"maxPos":{"x":33,"y":33.5,"z":0}},"packable":true,"pixelsToUnit":100,"pivot":{"x":0.5,"y":0.5},"meshType":0}],[0],0,[0],[1],[60]],[[[5,"Rock"],[2,"Rock",33554432,[[3,-2,[0,"d90r1k6zVD5471raT4jdeQ"],[5,62,67]],[4,-3,[0,"70WZIKyvRFTLcHNgY0C/62"],0]],[6,"26dRWATupCZZf058fX9lxx",null,null,null,-1,0],[1,0.8,0.8,1]]],0,[0,3,1,0,0,1,0,0,1,0,4,1,3],[0],[2],[0]],[[{"name":"ani_line_x_slow_13","rect":{"x":6,"y":5,"width":65,"height":67},"offset":{"x":2.5,"y":-2.5},"originalSize":{"width":72,"height":72},"rotated":false,"capInsets":[0,0,0,0],"vertices":{"rawPosition":[-32.5,-33.5,0,32.5,-33.5,0,-32.5,33.5,0,32.5,33.5,0],"indexes":[0,1,2,2,1,3],"uv":[6,67,71,67,6,0,71,0],"nuv":[0.08333333333333333,0,0.9861111111111112,0,0.08333333333333333,0.9305555555555556,0.9861111111111112,0.9305555555555556],"minPos":{"x":-32.5,"y":-33.5,"z":0},"maxPos":{"x":32.5,"y":33.5,"z":0}},"packable":true,"pixelsToUnit":100,"pivot":{"x":0.5,"y":0.5},"meshType":0}],[0],0,[0],[1],[61]],[[{"name":"n_2","rect":{"x":6,"y":5,"width":63,"height":65},"offset":{"x":1.5,"y":-1.5},"originalSize":{"width":72,"height":72},"rotated":false,"capInsets":[0,0,0,0],"vertices":{"rawPosition":[-31.5,-32.5,0,31.5,-32.5,0,-31.5,32.5,0,31.5,32.5,0],"indexes":[0,1,2,2,1,3],"uv":[6,67,69,67,6,2,69,2],"nuv":[0.08333333333333333,0.027777777777777776,0.9583333333333334,0.027777777777777776,0.08333333333333333,0.9305555555555556,0.9583333333333334,0.9305555555555556],"minPos":{"x":-31.5,"y":-32.5,"z":0},"maxPos":{"x":31.5,"y":32.5,"z":0}},"packable":true,"pixelsToUnit":100,"pivot":{"x":0.5,"y":0.5},"meshType":0}],[0],0,[0],[1],[62]],[[{"name":"ani_line_y_slow_13","rect":{"x":5,"y":6,"width":66,"height":66},"offset":{"x":2,"y":-3},"originalSize":{"width":72,"height":72},"rotated":false,"capInsets":[0,0,0,0],"vertices":{"rawPosition":[-33,-33,0,33,-33,0,-33,33,0,33,33,0],"indexes":[0,1,2,2,1,3],"uv":[5,66,71,66,5,0,71,0],"nuv":[0.06944444444444445,0,0.9861111111111112,0,0.06944444444444445,0.9166666666666666,0.9861111111111112,0.9166666666666666],"minPos":{"x":-33,"y":-33,"z":0},"maxPos":{"x":33,"y":33,"z":0}},"packable":true,"pixelsToUnit":100,"pivot":{"x":0.5,"y":0.5},"meshType":0}],[0],0,[0],[1],[63]],[[{"name":"ani_line_x_slow_07","rect":{"x":3,"y":7,"width":67,"height":63},"offset":{"x":0.5,"y":-2.5},"originalSize":{"width":72,"height":72},"rotated":false,"capInsets":[0,0,0,0],"vertices":{"rawPosition":[-33.5,-31.5,0,33.5,-31.5,0,-33.5,31.5,0,33.5,31.5,0],"indexes":[0,1,2,2,1,3],"uv":[3,65,70,65,3,2,70,2],"nuv":[0.041666666666666664,0.027777777777777776,0.9722222222222222,0.027777777777777776,0.041666666666666664,0.9027777777777778,0.9722222222222222,0.9027777777777778],"minPos":{"x":-33.5,"y":-31.5,"z":0},"maxPos":{"x":33.5,"y":31.5,"z":0}},"packable":true,"pixelsToUnit":100,"pivot":{"x":0.5,"y":0.5},"meshType":0}],[0],0,[0],[1],[64]],[[{"name":"ani_line_x_slow_09","rect":{"x":7,"y":4,"width":60,"height":68},"offset":{"x":1,"y":-2},"originalSize":{"width":72,"height":72},"rotated":false,"capInsets":[0,0,0,0],"vertices":{"rawPosition":[-30,-34,0,30,-34,0,-30,34,0,30,34,0],"indexes":[0,1,2,2,1,3],"uv":[7,68,67,68,7,0,67,0],"nuv":[0.09722222222222222,0,0.9305555555555556,0,0.09722222222222222,0.9444444444444444,0.9305555555555556,0.9444444444444444],"minPos":{"x":-30,"y":-34,"z":0},"maxPos":{"x":30,"y":34,"z":0}},"packable":true,"pixelsToUnit":100,"pivot":{"x":0.5,"y":0.5},"meshType":0}],[0],0,[0],[1],[65]],[[[5,"Line_Y"],[2,"Line_Y",33554432,[[3,-2,[0,"f6lCLkYbpP2LEtJ070R3l1"],[5,66,67]],[4,-3,[0,"a6XFuEDRlL7pUhgyVuxYI3"],0],[13,true,-4,[0,"94chSUZHtLiqH2uh9oLROs"],[1],2]],[6,"43DmM/T3dK3asKcCbZtNcr",null,null,null,-1,0],[1,0.8,0.8,1]]],0,[0,3,1,0,0,1,0,0,1,0,0,1,0,4,1,4],[0,0,0],[2,-1,5],[66,2,2]],[[{"name":"ani_line_x_slow_12","rect":{"x":7,"y":4,"width":62,"height":68},"offset":{"x":2,"y":-2},"originalSize":{"width":72,"height":72},"rotated":false,"capInsets":[0,0,0,0],"vertices":{"rawPosition":[-31,-34,0,31,-34,0,-31,34,0,31,34,0],"indexes":[0,1,2,2,1,3],"uv":[7,68,69,68,7,0,69,0],"nuv":[0.09722222222222222,0,0.9583333333333334,0,0.09722222222222222,0.9444444444444444,0.9583333333333334,0.9444444444444444],"minPos":{"x":-31,"y":-34,"z":0},"maxPos":{"x":31,"y":34,"z":0}},"packable":true,"pixelsToUnit":100,"pivot":{"x":0.5,"y":0.5},"meshType":0}],[0],0,[0],[1],[67]],[[{"name":"ani_rainbow_slow_03","rect":{"x":7,"y":4,"width":62,"height":68},"offset":{"x":2,"y":-2},"originalSize":{"width":72,"height":72},"rotated":false,"capInsets":[0,0,0,0],"vertices":{"rawPosition":[-31,-34,0,31,-34,0,-31,34,0,31,34,0],"indexes":[0,1,2,2,1,3],"uv":[7,68,69,68,7,0,69,0],"nuv":[0.09722222222222222,0,0.9583333333333334,0,0.09722222222222222,0.9444444444444444,0.9583333333333334,0.9444444444444444],"minPos":{"x":-31,"y":-34,"z":0},"maxPos":{"x":31,"y":34,"z":0}},"packable":true,"pixelsToUnit":100,"pivot":{"x":0.5,"y":0.5},"meshType":0}],[0],0,[0],[1],[68]],[[{"name":"ani_line_x_slow_01","rect":{"x":5,"y":4,"width":64,"height":68},"offset":{"x":1,"y":-2},"originalSize":{"width":72,"height":72},"rotated":false,"capInsets":[0,0,0,0],"vertices":{"rawPosition":[-32,-34,0,32,-34,0,-32,34,0,32,34,0],"indexes":[0,1,2,2,1,3],"uv":[5,68,69,68,5,0,69,0],"nuv":[0.06944444444444445,0,0.9583333333333334,0,0.06944444444444445,0.9444444444444444,0.9583333333333334,0.9444444444444444],"minPos":{"x":-32,"y":-34,"z":0},"maxPos":{"x":32,"y":34,"z":0}},"packable":true,"pixelsToUnit":100,"pivot":{"x":0.5,"y":0.5},"meshType":0}],[0],0,[0],[1],[69]],[[{"name":"ani_line_y_slow_06","rect":{"x":7,"y":2,"width":63,"height":70},"offset":{"x":2.5,"y":-1},"originalSize":{"width":72,"height":72},"rotated":false,"capInsets":[0,0,0,0],"vertices":{"rawPosition":[-31.5,-35,0,31.5,-35,0,-31.5,35,0,31.5,35,0],"indexes":[0,1,2,2,1,3],"uv":[7,70,70,70,7,0,70,0],"nuv":[0.09722222222222222,0,0.9722222222222222,0,0.09722222222222222,0.9722222222222222,0.9722222222222222,0.9722222222222222],"minPos":{"x":-31.5,"y":-35,"z":0},"maxPos":{"x":31.5,"y":35,"z":0}},"packable":true,"pixelsToUnit":100,"pivot":{"x":0.5,"y":0.5},"meshType":0}],[0],0,[0],[1],[70]],[[{"name":"ani_line_y_slow_14","rect":{"x":5,"y":5,"width":66,"height":67},"offset":{"x":2,"y":-2.5},"originalSize":{"width":72,"height":72},"rotated":false,"capInsets":[0,0,0,0],"vertices":{"rawPosition":[-33,-33.5,0,33,-33.5,0,-33,33.5,0,33,33.5,0],"indexes":[0,1,2,2,1,3],"uv":[5,67,71,67,5,0,71,0],"nuv":[0.06944444444444445,0,0.9861111111111112,0,0.06944444444444445,0.9305555555555556,0.9861111111111112,0.9305555555555556],"minPos":{"x":-33,"y":-33.5,"z":0},"maxPos":{"x":33,"y":33.5,"z":0}},"packable":true,"pixelsToUnit":100,"pivot":{"x":0.5,"y":0.5},"meshType":0}],[0],0,[0],[1],[71]],[[{"name":"ani_line_x_slow_03","rect":{"x":6,"y":3,"width":62,"height":69},"offset":{"x":1,"y":-1.5},"originalSize":{"width":72,"height":72},"rotated":false,"capInsets":[0,0,0,0],"vertices":{"rawPosition":[-31,-34.5,0,31,-34.5,0,-31,34.5,0,31,34.5,0],"indexes":[0,1,2,2,1,3],"uv":[6,69,68,69,6,0,68,0],"nuv":[0.08333333333333333,0,0.9444444444444444,0,0.08333333333333333,0.9583333333333334,0.9444444444444444,0.9583333333333334],"minPos":{"x":-31,"y":-34.5,"z":0},"maxPos":{"x":31,"y":34.5,"z":0}},"packable":true,"pixelsToUnit":100,"pivot":{"x":0.5,"y":0.5},"meshType":0}],[0],0,[0],[1],[72]],[[[5,"Line_X"],[2,"Line_X",33554432,[[3,-2,[0,"b51RAGVdBP+bj/LzUroqUt"],[5,66,67]],[4,-3,[0,"63Vk8GY8xLIahVDn0f6tAr"],0],[13,true,-4,[0,"3arqfHTqNMSbx+ga6Nr0J7"],[1],2]],[6,"b9LGVGh4pGqJVk2VvWeNbJ",null,null,null,-1,0],[1,0.8,0.8,1]]],0,[0,3,1,0,0,1,0,0,1,0,0,1,0,4,1,4],[0,0,0],[2,-1,5],[73,3,3]],[[{"name":"Top","rect":{"x":0,"y":0,"width":640,"height":201},"offset":{"x":0,"y":0},"originalSize":{"width":640,"height":201},"rotated":false,"capInsets":[0,0,0,0],"vertices":{"rawPosition":[-320,-100.5,0,320,-100.5,0,-320,100.5,0,320,100.5,0],"indexes":[0,1,2,2,1,3],"uv":[0,201,640,201,0,0,640,0],"nuv":[0,0,1,0,0,1,1,1],"minPos":{"x":-320,"y":-100.5,"z":0},"maxPos":{"x":320,"y":100.5,"z":0}},"packable":true,"pixelsToUnit":100,"pivot":{"x":0.5,"y":0.5},"meshType":0}],[0],0,[0],[1],[74]]]]
