{
  "__type__": "cc.SpriteFrame",
  "content": {
    "name": "Bottom",
    "atlas": "",
    "rect": {
      "x": 0,
      "y": 0,
      "width": 640,
      "height": 91
    },
    "offset": {
      "x": 0,
      "y": 0
    },
    "originalSize": {
      "width": 640,
      "height": 91
    },
    "rotated": false,
    "capInsets": [
      0,
      0,
      0,
      0
    ],
    "vertices": {
      "rawPosition": [
        -320,
        -45.5,
        0,
        320,
        -45.5,
        0,
        -320,
        45.5,
        0,
        320,
        45.5,
        0
      ],
      "indexes": [
        0,
        1,
        2,
        2,
        1,
        3
      ],
      "uv": [
        0,
        91,
        640,
        91,
        0,
        0,
        640,
        0
      ],
      "nuv": [
        0,
        0,
        1,
        0,
        0,
        1,
        1,
        1
      ],
      "minPos": {
        "x": -320,
        "y": -45.5,
        "z": 0
      },
      "maxPos": {
        "x": 320,
        "y": 45.5,
        "z": 0
      }
    },
    "texture": "5b8fa15a-8fdb-47da-bbcb-b438ed48e403@6c48a",
    "packable": true,
    "pixelsToUnit": 100,
    "pivot": {
      "x": 0.5,
      "y": 0.5
    },
    "meshType": 0
  }
}