{
  "__type__": "cc.SpriteFrame",
  "content": {
    "name": "ani_line_y_slow_11",
    "atlas": "",
    "rect": {
      "x": 3,
      "y": 8,
      "width": 69,
      "height": 60
    },
    "offset": {
      "x": 1.5,
      "y": -2
    },
    "originalSize": {
      "width": 72,
      "height": 72
    },
    "rotated": false,
    "capInsets": [
      0,
      0,
      0,
      0
    ],
    "vertices": {
      "rawPosition": [
        -34.5,
        -30,
        0,
        34.5,
        -30,
        0,
        -34.5,
        30,
        0,
        34.5,
        30,
        0
      ],
      "indexes": [
        0,
        1,
        2,
        2,
        1,
        3
      ],
      "uv": [
        3,
        64,
        72,
        64,
        3,
        4,
        72,
        4
      ],
      "nuv": [
        0.041666666666666664,
        0.05555555555555555,
        1,
        0.05555555555555555,
        0.041666666666666664,
        0.8888888888888888,
        1,
        0.8888888888888888
      ],
      "minPos": {
        "x": -34.5,
        "y": -30,
        "z": 0
      },
      "maxPos": {
        "x": 34.5,
        "y": 30,
        "z": 0
      }
    },
    "texture": "5bb8df55-6fc1-4527-992c-99f3e1057f80@6c48a",
    "packable": true,
    "pixelsToUnit": 100,
    "pivot": {
      "x": 0.5,
      "y": 0.5
    },
    "meshType": 0
  }
}