{
  "__type__": "cc.SpriteFrame",
  "content": {
    "name": "ani_line_x_slow_10",
    "atlas": "",
    "rect": {
      "x": 8,
      "y": 3,
      "width": 59,
      "height": 69
    },
    "offset": {
      "x": 1.5,
      "y": -1.5
    },
    "originalSize": {
      "width": 72,
      "height": 72
    },
    "rotated": false,
    "capInsets": [
      0,
      0,
      0,
      0
    ],
    "vertices": {
      "rawPosition": [
        -29.5,
        -34.5,
        0,
        29.5,
        -34.5,
        0,
        -29.5,
        34.5,
        0,
        29.5,
        34.5,
        0
      ],
      "indexes": [
        0,
        1,
        2,
        2,
        1,
        3
      ],
      "uv": [
        8,
        69,
        67,
        69,
        8,
        0,
        67,
        0
      ],
      "nuv": [
        0.1111111111111111,
        0,
        0.9305555555555556,
        0,
        0.1111111111111111,
        0.9583333333333334,
        0.9305555555555556,
        0.9583333333333334
      ],
      "minPos": {
        "x": -29.5,
        "y": -34.5,
        "z": 0
      },
      "maxPos": {
        "x": 29.5,
        "y": 34.5,
        "z": 0
      }
    },
    "texture": "474068fd-3c55-444c-abd1-f1d9aebd3b21@6c48a",
    "packable": true,
    "pixelsToUnit": 100,
    "pivot": {
      "x": 0.5,
      "y": 0.5
    },
    "meshType": 0
  }
}