{
  "__type__": "cc.SpriteFrame",
  "content": {
    "name": "Background",
    "atlas": "",
    "rect": {
      "x": 0,
      "y": 0,
      "width": 1080,
      "height": 1898
    },
    "offset": {
      "x": 0,
      "y": 0
    },
    "originalSize": {
      "width": 1080,
      "height": 1898
    },
    "rotated": false,
    "capInsets": [
      0,
      0,
      0,
      0
    ],
    "vertices": {
      "rawPosition": [
        -540,
        -949,
        0,
        540,
        -949,
        0,
        -540,
        949,
        0,
        540,
        949,
        0
      ],
      "indexes": [
        0,
        1,
        2,
        2,
        1,
        3
      ],
      "uv": [
        0,
        1898,
        1080,
        1898,
        0,
        0,
        1080,
        0
      ],
      "nuv": [
        0,
        0,
        1,
        0,
        0,
        1,
        1,
        1
      ],
      "minPos": {
        "x": -540,
        "y": -949,
        "z": 0
      },
      "maxPos": {
        "x": 540,
        "y": 949,
        "z": 0
      }
    },
    "texture": "47781677-2ff8-41b7-9147-737417015fd4@6c48a",
    "packable": true,
    "pixelsToUnit": 100,
    "pivot": {
      "x": 0.5,
      "y": 0.5
    },
    "meshType": 0
  }
}