{
  "__type__": "cc.SpriteFrame",
  "content": {
    "name": "ani_line_x_slow_04",
    "atlas": "",
    "rect": {
      "x": 5,
      "y": 4,
      "width": 65,
      "height": 68
    },
    "offset": {
      "x": 1.5,
      "y": -2
    },
    "originalSize": {
      "width": 72,
      "height": 72
    },
    "rotated": false,
    "capInsets": [
      0,
      0,
      0,
      0
    ],
    "vertices": {
      "rawPosition": [
        -32.5,
        -34,
        0,
        32.5,
        -34,
        0,
        -32.5,
        34,
        0,
        32.5,
        34,
        0
      ],
      "indexes": [
        0,
        1,
        2,
        2,
        1,
        3
      ],
      "uv": [
        5,
        68,
        70,
        68,
        5,
        0,
        70,
        0
      ],
      "nuv": [
        0.06944444444444445,
        0,
        0.9722222222222222,
        0,
        0.06944444444444445,
        0.9444444444444444,
        0.9722222222222222,
        0.9444444444444444
      ],
      "minPos": {
        "x": -32.5,
        "y": -34,
        "z": 0
      },
      "maxPos": {
        "x": 32.5,
        "y": 34,
        "z": 0
      }
    },
    "texture": "2a32002d-9153-48ea-bcac-a448310ef9de@6c48a",
    "packable": true,
    "pixelsToUnit": 100,
    "pivot": {
      "x": 0.5,
      "y": 0.5
    },
    "meshType": 0
  }
}