{
  "__type__": "cc.SpriteFrame",
  "content": {
    "name": "ani_line_y_slow_08",
    "atlas": "",
    "rect": {
      "x": 6,
      "y": 5,
      "width": 65,
      "height": 64
    },
    "offset": {
      "x": 2.5,
      "y": -1
    },
    "originalSize": {
      "width": 72,
      "height": 72
    },
    "rotated": false,
    "capInsets": [
      0,
      0,
      0,
      0
    ],
    "vertices": {
      "rawPosition": [
        -32.5,
        -32,
        0,
        32.5,
        -32,
        0,
        -32.5,
        32,
        0,
        32.5,
        32,
        0
      ],
      "indexes": [
        0,
        1,
        2,
        2,
        1,
        3
      ],
      "uv": [
        6,
        67,
        71,
        67,
        6,
        3,
        71,
        3
      ],
      "nuv": [
        0.08333333333333333,
        0.041666666666666664,
        0.9861111111111112,
        0.041666666666666664,
        0.08333333333333333,
        0.9305555555555556,
        0.9861111111111112,
        0.9305555555555556
      ],
      "minPos": {
        "x": -32.5,
        "y": -32,
        "z": 0
      },
      "maxPos": {
        "x": 32.5,
        "y": 32,
        "z": 0
      }
    },
    "texture": "9a9ac612-c35b-479a-8312-7a1b1782597b@6c48a",
    "packable": true,
    "pixelsToUnit": 100,
    "pivot": {
      "x": 0.5,
      "y": 0.5
    },
    "meshType": 0
  }
}