{
  "__type__": "cc.SpriteFrame",
  "content": {
    "name": "ani_line_x_slow_02",
    "atlas": "",
    "rect": {
      "x": 6,
      "y": 3,
      "width": 62,
      "height": 69
    },
    "offset": {
      "x": 1,
      "y": -1.5
    },
    "originalSize": {
      "width": 72,
      "height": 72
    },
    "rotated": false,
    "capInsets": [
      0,
      0,
      0,
      0
    ],
    "vertices": {
      "rawPosition": [
        -31,
        -34.5,
        0,
        31,
        -34.5,
        0,
        -31,
        34.5,
        0,
        31,
        34.5,
        0
      ],
      "indexes": [
        0,
        1,
        2,
        2,
        1,
        3
      ],
      "uv": [
        6,
        69,
        68,
        69,
        6,
        0,
        68,
        0
      ],
      "nuv": [
        0.08333333333333333,
        0,
        0.9444444444444444,
        0,
        0.08333333333333333,
        0.9583333333333334,
        0.9444444444444444,
        0.9583333333333334
      ],
      "minPos": {
        "x": -31,
        "y": -34.5,
        "z": 0
      },
      "maxPos": {
        "x": 31,
        "y": 34.5,
        "z": 0
      }
    },
    "texture": "9ddb4156-45af-489b-9e7c-d46044676560@6c48a",
    "packable": true,
    "pixelsToUnit": 100,
    "pivot": {
      "x": 0.5,
      "y": 0.5
    },
    "meshType": 0
  }
}