{
  "gizmos-infos": {
    "is2D": true,
    "is3DIcon": false,
    "iconSize": 2,
    "gridVisible": true,
    "gridColor": [
      166,
      166,
      166,
      255
    ],
    "transformToolName": "position",
    "pivot": "pivot",
    "coordinate": "local",
    "toolsVisibility3d": true
  },
  "__version__": "1.0.2",
  "builder": {},
  "snap-configs": {
    "position": {
      "x": 1,
      "y": 1,
      "z": 1
    },
    "rotation": 1,
    "scale": 1,
    "isPositionSnapEnabled": false,
    "isRotationSnapEnabled": false,
    "isScaleSnapEnabled": false
  },
  "rect-snap-configs": {
    "enableSnapping": true,
    "snapThreshold": 4
  },
  "float-window": {
    "position": {
      "cc": {
        "Camera": {
          "dock": false,
          "top": null,
          "bottom": 10,
          "left": null,
          "right": 10
        }
      }
    }
  },
  "camera-infos": {
    "d39c8ba2-a768-4a9c-a869-5e1430b394f2": {
      "position": {
        "x": 440.56561918211224,
        "y": 468.86570972757374,
        "z": 5000
      },
      "rotation": {
        "x": 0,
        "y": 0,
        "z": 0,
        "w": 1
      },
      "viewCenter": {
        "x": 0,
        "y": 0,
        "z": 0
      },
      "contentRect": {
        "x": -445.8629522464616,
        "y": -46.84857598671341,
        "width": 1241,
        "height": 722
      },
      "scale": 0.6999999999999981
    },
    "c53f989e-d9b5-440b-8baa-4c1f89699c70": {
      "position": {
        "x": 565.2449999999999,
        "y": 492.00499999999994,
        "z": 5000
      },
      "rotation": {
        "x": 0,
        "y": 0,
        "z": 0,
        "w": 1
      },
      "viewCenter": {
        "x": 0,
        "y": 0,
        "z": 0
      },
      "contentRect": {
        "x": 416.66666666666663,
        "y": 0,
        "width": 1500,
        "height": 1000
      },
      "scale": 0.7
    },
    "f6a54a27-0617-432d-aa02-b6c89ff2bf8c": {
      "position": {
        "x": 319.43333333333334,
        "y": 480.5666666666667,
        "z": 5000
      },
      "rotation": {
        "x": 0,
        "y": 0,
        "z": 0,
        "w": 1
      },
      "viewCenter": {
        "x": 0,
        "y": 0,
        "z": 0
      },
      "contentRect": {
        "x": 0,
        "y": 0,
        "width": 640,
        "height": 960
      },
      "scale": 0.7
    },
    "8c5a0f7d-8f90-4cf3-be39-88da46bf6d6f": {
      "position": {
        "x": 319.53833333333336,
        "y": 480.4616666666667,
        "z": 5000
      },
      "rotation": {
        "x": 0,
        "y": 0,
        "z": 0,
        "w": 1
      },
      "viewCenter": {
        "x": 0,
        "y": 0,
        "z": 0
      },
      "contentRect": {
        "x": 0,
        "y": 0,
        "width": 640,
        "height": 960
      },
      "scale": 0.7
    },
    "fd8dacba-c2a3-4cea-8b50-4546e7dd3c49": {
      "position": {
        "x": 319.5933333333333,
        "y": 480.40666666666675,
        "z": 5000
      },
      "rotation": {
        "x": 0,
        "y": 0,
        "z": 0,
        "w": 1
      },
      "viewCenter": {
        "x": 0,
        "y": 0,
        "z": 0
      },
      "contentRect": {
        "x": 0,
        "y": 0,
        "width": 640,
        "height": 960
      },
      "scale": 0.7
    },
    "e633e597-db03-46bf-8c3e-3bc6cfbbb9ae": {
      "position": {
        "x": 319.4583333333333,
        "y": 480.54166666666674,
        "z": 5000
      },
      "rotation": {
        "x": 0,
        "y": 0,
        "z": 0,
        "w": 1
      },
      "viewCenter": {
        "x": 0,
        "y": 0,
        "z": 0
      },
      "contentRect": {
        "x": 0,
        "y": 0,
        "width": 640,
        "height": 960
      },
      "scale": 0.7
    },
    "ea636bf1-3c03-4562-a28e-189b79238e60": {
      "position": {
        "x": 319.3833333333333,
        "y": 480.61666666666673,
        "z": 5000
      },
      "rotation": {
        "x": 0,
        "y": 0,
        "z": 0,
        "w": 1
      },
      "viewCenter": {
        "x": 0,
        "y": 0,
        "z": 0
      },
      "contentRect": {
        "x": 0,
        "y": 0,
        "width": 640,
        "height": 960
      },
      "scale": 0.7
    },
    "80fe987b-9ca3-4515-8be9-532a52b793e2": {
      "position": {
        "x": 319.4433333333333,
        "y": 480.55666666666673,
        "z": 5000
      },
      "rotation": {
        "x": 0,
        "y": 0,
        "z": 0,
        "w": 1
      },
      "viewCenter": {
        "x": 0,
        "y": 0,
        "z": 0
      },
      "contentRect": {
        "x": 0,
        "y": 0,
        "width": 640,
        "height": 960
      },
      "scale": 0.7
    },
    "f946df3b-37b1-44d6-a37f-64edfd36559b": {
      "position": {
        "x": 462.76166666666677,
        "y": 350.58500000000004,
        "z": 5000
      },
      "rotation": {
        "x": 0,
        "y": 0,
        "z": 0,
        "w": 1
      },
      "viewCenter": {
        "x": 0,
        "y": 0,
        "z": 0
      },
      "contentRect": {
        "x": 482.1666666666666,
        "y": 0,
        "width": 1241,
        "height": 415
      },
      "scale": 0.7000000000000001
    },
    "abc4390b-3daf-46bb-88ec-867b87b5a60b": {
      "position": {
        "x": 320,
        "y": 480,
        "z": 5000
      },
      "rotation": {
        "x": 0,
        "y": 0,
        "z": 0,
        "w": 1
      },
      "viewCenter": {
        "x": 0,
        "y": 0,
        "z": 0
      },
      "contentRect": {
        "x": 0,
        "y": 5.684341886080802e-14,
        "width": 326.6666666666667,
        "height": 490
      },
      "scale": 0.5104166666666667
    },
    "7bb1be17-e3c4-40d9-821e-5ca1874c08d1": {
      "position": {
        "x": 541.65,
        "y": 490.84999999999997,
        "z": 5000
      },
      "rotation": {
        "x": 0,
        "y": 0,
        "z": 0,
        "w": 1
      },
      "viewCenter": {
        "x": 0,
        "y": 0,
        "z": 0
      },
      "contentRect": {
        "x": 416.66666666666663,
        "y": 0,
        "width": 1500,
        "height": 1000
      },
      "scale": 0.7
    },
    "ac82b0e1-04da-4899-ac45-f6121f79332b": {
      "position": {
        "x": 319.43833333333333,
        "y": 480.5616666666667,
        "z": 5000
      },
      "rotation": {
        "x": 0,
        "y": 0,
        "z": 0,
        "w": 1
      },
      "viewCenter": {
        "x": 0,
        "y": 0,
        "z": 0
      },
      "contentRect": {
        "x": 0,
        "y": 0,
        "width": 640,
        "height": 960
      },
      "scale": 0.7
    },
    "cd0401cd-f04e-4b4b-af6f-589b71427d7b": {
      "position": {
        "x": 319.49333333333334,
        "y": 480.5066666666667,
        "z": 5000
      },
      "rotation": {
        "x": 0,
        "y": 0,
        "z": 0,
        "w": 1
      },
      "viewCenter": {
        "x": 0,
        "y": 0,
        "z": 0
      },
      "contentRect": {
        "x": 0,
        "y": 0,
        "width": 640,
        "height": 960
      },
      "scale": 0.7
    },
    "7b551e2a-b04b-421a-8e24-74942d0143ab": {
      "position": {
        "x": 319.42333333333335,
        "y": 480.5766666666667,
        "z": 5000
      },
      "rotation": {
        "x": 0,
        "y": 0,
        "z": 0,
        "w": 1
      },
      "viewCenter": {
        "x": 0,
        "y": 0,
        "z": 0
      },
      "contentRect": {
        "x": 0,
        "y": 0,
        "width": 640,
        "height": 960
      },
      "scale": 0.7
    },
    "fab56dea-571c-4bcf-9188-45b567732b7e": {
      "position": {
        "x": 319.43333333333334,
        "y": 480.5666666666667,
        "z": 5000
      },
      "rotation": {
        "x": 0,
        "y": 0,
        "z": 0,
        "w": 1
      },
      "viewCenter": {
        "x": 0,
        "y": 0,
        "z": 0
      },
      "contentRect": {
        "x": 0,
        "y": 0,
        "width": 640,
        "height": 960
      },
      "scale": 0.7
    },
    "5ac25d4a-f24e-431a-ba01-52ecccd5f3a4": {
      "position": {
        "x": 319.37333333333333,
        "y": 480.6266666666667,
        "z": 5000
      },
      "rotation": {
        "x": 0,
        "y": 0,
        "z": 0,
        "w": 1
      },
      "viewCenter": {
        "x": 0,
        "y": 0,
        "z": 0
      },
      "contentRect": {
        "x": 0,
        "y": 0,
        "width": 640,
        "height": 960
      },
      "scale": 0.7
    },
    "5636db11-9067-4d80-a1cc-20e73c87a472": {
      "position": {
        "x": 319.35833333333335,
        "y": 480.6416666666667,
        "z": 5000
      },
      "rotation": {
        "x": 0,
        "y": 0,
        "z": 0,
        "w": 1
      },
      "viewCenter": {
        "x": 0,
        "y": 0,
        "z": 0
      },
      "contentRect": {
        "x": 0,
        "y": 0,
        "width": 640,
        "height": 960
      },
      "scale": 0.7
    },
    "aedbbc2b-a388-43d8-b716-1347646a68ee": {
      "position": {
        "x": 319.3883333333333,
        "y": 480.61166666666674,
        "z": 5000
      },
      "rotation": {
        "x": 0,
        "y": 0,
        "z": 0,
        "w": 1
      },
      "viewCenter": {
        "x": 0,
        "y": 0,
        "z": 0
      },
      "contentRect": {
        "x": 0,
        "y": 0,
        "width": 640,
        "height": 960
      },
      "scale": 0.7
    },
    "d969da97-c4a1-42aa-b9b2-7a3cfbbfb8fb": {
      "position": {
        "x": 350.36922783795734,
        "y": 408.4221938477626,
        "z": 5000
      },
      "rotation": {
        "x": 0,
        "y": 0,
        "z": 0,
        "w": 1
      },
      "viewCenter": {
        "x": 0,
        "y": 0,
        "z": 0
      },
      "contentRect": {
        "x": -465.3113967516642,
        "y": 69.92459379646924,
        "width": 1241,
        "height": 515
      },
      "scale": 0.7607144037682406
    },
    "f42cb1fe-00a8-46fe-a1c3-dd2bd601b5b4": {
      "position": {
        "x": 320,
        "y": 479.99999999999994,
        "z": 5000
      },
      "rotation": {
        "x": 0,
        "y": 0,
        "z": 0,
        "w": 1
      },
      "viewCenter": {
        "x": 0,
        "y": 0,
        "z": 0
      },
      "contentRect": {
        "x": 227.7425797503467,
        "y": 441.71428571428567,
        "width": 1241,
        "height": 515
      },
      "scale": 6.725746268656714
    },
    "53390e5b-07fd-474e-9739-8d63812605e9": {
      "position": {
        "x": 320,
        "y": 480,
        "z": 5000
      },
      "rotation": {
        "x": 0,
        "y": 0,
        "z": 0,
        "w": 1
      },
      "viewCenter": {
        "x": 0,
        "y": 0,
        "z": 0
      },
      "contentRect": {
        "x": 295.2,
        "y": 452.8,
        "width": 1241,
        "height": 628
      },
      "scale": 8.080882352941181
    },
    "268d88bf-0d02-47a9-8557-3b64e37f3f21": {
      "position": {
        "x": 320,
        "y": 480.00000000000006,
        "z": 5000
      },
      "rotation": {
        "x": 0,
        "y": 0,
        "z": 0,
        "w": 1
      },
      "viewCenter": {
        "x": 0,
        "y": 0,
        "z": 0
      },
      "contentRect": {
        "x": 0,
        "y": 5.684341886080802e-14,
        "width": 293.06666666666666,
        "height": 439.6
      },
      "scale": 0.4579166666666667
    },
    "234b402b-7283-4528-93d6-e70e9e9c245d": {
      "position": {
        "x": 287.88129236803934,
        "y": 463.6031165107392,
        "z": 5000
      },
      "rotation": {
        "x": 0,
        "y": 0,
        "z": 0,
        "w": 1
      },
      "viewCenter": {
        "x": 0,
        "y": 0,
        "z": 0
      },
      "contentRect": {
        "x": -842.6416624771944,
        "y": -108.49069142061201,
        "width": 1241,
        "height": 628
      },
      "scale": 0.5488610358070484
    }
  },
  "camera-uuids": [
    "d39c8ba2-a768-4a9c-a869-5e1430b394f2",
    "c53f989e-d9b5-440b-8baa-4c1f89699c70",
    "f6a54a27-0617-432d-aa02-b6c89ff2bf8c",
    "8c5a0f7d-8f90-4cf3-be39-88da46bf6d6f",
    "fd8dacba-c2a3-4cea-8b50-4546e7dd3c49",
    "e633e597-db03-46bf-8c3e-3bc6cfbbb9ae",
    "ea636bf1-3c03-4562-a28e-189b79238e60",
    "80fe987b-9ca3-4515-8be9-532a52b793e2",
    "f946df3b-37b1-44d6-a37f-64edfd36559b",
    "abc4390b-3daf-46bb-88ec-867b87b5a60b",
    "7bb1be17-e3c4-40d9-821e-5ca1874c08d1",
    "ac82b0e1-04da-4899-ac45-f6121f79332b",
    "cd0401cd-f04e-4b4b-af6f-589b71427d7b",
    "7b551e2a-b04b-421a-8e24-74942d0143ab",
    "fab56dea-571c-4bcf-9188-45b567732b7e",
    "5ac25d4a-f24e-431a-ba01-52ecccd5f3a4",
    "5636db11-9067-4d80-a1cc-20e73c87a472",
    "aedbbc2b-a388-43d8-b716-1347646a68ee",
    "d969da97-c4a1-42aa-b9b2-7a3cfbbfb8fb",
    "f42cb1fe-00a8-46fe-a1c3-dd2bd601b5b4",
    "53390e5b-07fd-474e-9739-8d63812605e9",
    "268d88bf-0d02-47a9-8557-3b64e37f3f21",
    "234b402b-7283-4528-93d6-e70e9e9c245d"
  ],
  "camera": {
    "color": [
      48,
      48,
      48,
      255
    ],
    "fov": 45,
    "far": 10000,
    "near": 0.01,
    "wheelSpeed": 0.01,
    "wanderSpeed": 10,
    "enableAcceleration": true,
    "size": "__default_design__",
    "far2D": 10000,
    "near2D": 1,
    "wheelSpeed2D": 6,
    "iso": 0,
    "aperture": 19,
    "shutter": 7
  },
  "scene_view": {
    "isSceneLightOn": true,
    "output_device": "__default_design__"
  }
}
