{
  "__type__": "cc.SpriteFrame",
  "content": {
    "name": "line_x",
    "atlas": "",
    "rect": {
      "x": 5,
      "y": 5,
      "width": 66,
      "height": 67
    },
    "offset": {
      "x": 2,
      "y": -2.5
    },
    "originalSize": {
      "width": 72,
      "height": 72
    },
    "rotated": false,
    "capInsets": [
      0,
      0,
      0,
      0
    ],
    "vertices": {
      "rawPosition": [
        -33,
        -33.5,
        0,
        33,
        -33.5,
        0,
        -33,
        33.5,
        0,
        33,
        33.5,
        0
      ],
      "indexes": [
        0,
        1,
        2,
        2,
        1,
        3
      ],
      "uv": [
        5,
        67,
        71,
        67,
        5,
        0,
        71,
        0
      ],
      "nuv": [
        0.06944444444444445,
        0,
        0.9861111111111112,
        0,
        0.06944444444444445,
        0.9305555555555556,
        0.9861111111111112,
        0.9305555555555556
      ],
      "minPos": {
        "x": -33,
        "y": -33.5,
        "z": 0
      },
      "maxPos": {
        "x": 33,
        "y": 33.5,
        "z": 0
      }
    },
    "texture": "94cd89fc-0396-4442-8e21-cb14f6e98108@6c48a",
    "packable": true,
    "pixelsToUnit": 100,
    "pivot": {
      "x": 0.5,
      "y": 0.5
    },
    "meshType": 0
  }
}