{
  "__type__": "cc.SpriteFrame",
  "content": {
    "name": "Under",
    "atlas": "",
    "rect": {
      "x": 0,
      "y": 0,
      "width": 640,
      "height": 153
    },
    "offset": {
      "x": 0,
      "y": 0
    },
    "originalSize": {
      "width": 640,
      "height": 153
    },
    "rotated": false,
    "capInsets": [
      0,
      0,
      0,
      0
    ],
    "vertices": {
      "rawPosition": [
        -320,
        -76.5,
        0,
        320,
        -76.5,
        0,
        -320,
        76.5,
        0,
        320,
        76.5,
        0
      ],
      "indexes": [
        0,
        1,
        2,
        2,
        1,
        3
      ],
      "uv": [
        0,
        153,
        640,
        153,
        0,
        0,
        640,
        0
      ],
      "nuv": [
        0,
        0,
        1,
        0,
        0,
        1,
        1,
        1
      ],
      "minPos": {
        "x": -320,
        "y": -76.5,
        "z": 0
      },
      "maxPos": {
        "x": 320,
        "y": 76.5,
        "z": 0
      }
    },
    "texture": "a88efc95-3083-4fea-97ce-0d3affdcb135@6c48a",
    "packable": true,
    "pixelsToUnit": 100,
    "pivot": {
      "x": 0.5,
      "y": 0.5
    },
    "meshType": 0
  }
}