{
  "__type__": "cc.SpriteFrame",
  "content": {
    "name": "ani_line_y_slow_01",
    "atlas": "",
    "rect": {
      "x": 4,
      "y": 5,
      "width": 68,
      "height": 65
    },
    "offset": {
      "x": 2,
      "y": -1.5
    },
    "originalSize": {
      "width": 72,
      "height": 72
    },
    "rotated": false,
    "capInsets": [
      0,
      0,
      0,
      0
    ],
    "vertices": {
      "rawPosition": [
        -34,
        -32.5,
        0,
        34,
        -32.5,
        0,
        -34,
        32.5,
        0,
        34,
        32.5,
        0
      ],
      "indexes": [
        0,
        1,
        2,
        2,
        1,
        3
      ],
      "uv": [
        4,
        67,
        72,
        67,
        4,
        2,
        72,
        2
      ],
      "nuv": [
        0.05555555555555555,
        0.027777777777777776,
        1,
        0.027777777777777776,
        0.05555555555555555,
        0.9305555555555556,
        1,
        0.9305555555555556
      ],
      "minPos": {
        "x": -34,
        "y": -32.5,
        "z": 0
      },
      "maxPos": {
        "x": 34,
        "y": 32.5,
        "z": 0
      }
    },
    "texture": "496b97a4-a836-4157-b9f5-d10dd7245c53@6c48a",
    "packable": true,
    "pixelsToUnit": 100,
    "pivot": {
      "x": 0.5,
      "y": 0.5
    },
    "meshType": 0
  }
}