{
  "__type__": "cc.SpriteFrame",
  "content": {
    "name": "ani_rainbow_slow_01",
    "atlas": "",
    "rect": {
      "x": 7,
      "y": 4,
      "width": 62,
      "height": 68
    },
    "offset": {
      "x": 2,
      "y": -2
    },
    "originalSize": {
      "width": 72,
      "height": 72
    },
    "rotated": false,
    "capInsets": [
      0,
      0,
      0,
      0
    ],
    "vertices": {
      "rawPosition": [
        -31,
        -34,
        0,
        31,
        -34,
        0,
        -31,
        34,
        0,
        31,
        34,
        0
      ],
      "indexes": [
        0,
        1,
        2,
        2,
        1,
        3
      ],
      "uv": [
        7,
        68,
        69,
        68,
        7,
        0,
        69,
        0
      ],
      "nuv": [
        0.09722222222222222,
        0,
        0.9583333333333334,
        0,
        0.09722222222222222,
        0.9444444444444444,
        0.9583333333333334,
        0.9444444444444444
      ],
      "minPos": {
        "x": -31,
        "y": -34,
        "z": 0
      },
      "maxPos": {
        "x": 31,
        "y": 34,
        "z": 0
      }
    },
    "texture": "1846569a-d842-4bae-b280-6a3770163f99@6c48a",
    "packable": true,
    "pixelsToUnit": 100,
    "pivot": {
      "x": 0.5,
      "y": 0.5
    },
    "meshType": 0
  }
}