{
  "__type__": "cc.SpriteFrame",
  "content": {
    "name": "n_blue",
    "atlas": "",
    "rect": {
      "x": 9,
      "y": 6,
      "width": 58,
      "height": 65
    },
    "offset": {
      "x": 2,
      "y": -2.5
    },
    "originalSize": {
      "width": 72,
      "height": 72
    },
    "rotated": false,
    "capInsets": [
      0,
      0,
      0,
      0
    ],
    "vertices": {
      "rawPosition": [
        -29,
        -32.5,
        0,
        29,
        -32.5,
        0,
        -29,
        32.5,
        0,
        29,
        32.5,
        0
      ],
      "indexes": [
        0,
        1,
        2,
        2,
        1,
        3
      ],
      "uv": [
        9,
        66,
        67,
        66,
        9,
        1,
        67,
        1
      ],
      "nuv": [
        0.125,
        0.013888888888888888,
        0.9305555555555556,
        0.013888888888888888,
        0.125,
        0.9166666666666666,
        0.9305555555555556,
        0.9166666666666666
      ],
      "minPos": {
        "x": -29,
        "y": -32.5,
        "z": 0
      },
      "maxPos": {
        "x": 29,
        "y": 32.5,
        "z": 0
      }
    },
    "texture": "1013a290-20ea-4b9d-bbc5-680d98ad0508@6c48a",
    "packable": true,
    "pixelsToUnit": 100,
    "pivot": {
      "x": 0.5,
      "y": 0.5
    },
    "meshType": 0
  }
}