{
  "__type__": "cc.SpriteFrame",
  "content": {
    "name": "n_5",
    "atlas": "",
    "rect": {
      "x": 7,
      "y": 5,
      "width": 61,
      "height": 65
    },
    "offset": {
      "x": 1.5,
      "y": -1.5
    },
    "originalSize": {
      "width": 72,
      "height": 72
    },
    "rotated": false,
    "capInsets": [
      0,
      0,
      0,
      0
    ],
    "vertices": {
      "rawPosition": [
        -30.5,
        -32.5,
        0,
        30.5,
        -32.5,
        0,
        -30.5,
        32.5,
        0,
        30.5,
        32.5,
        0
      ],
      "indexes": [
        0,
        1,
        2,
        2,
        1,
        3
      ],
      "uv": [
        7,
        67,
        68,
        67,
        7,
        2,
        68,
        2
      ],
      "nuv": [
        0.09722222222222222,
        0.027777777777777776,
        0.9444444444444444,
        0.027777777777777776,
        0.09722222222222222,
        0.9305555555555556,
        0.9444444444444444,
        0.9305555555555556
      ],
      "minPos": {
        "x": -30.5,
        "y": -32.5,
        "z": 0
      },
      "maxPos": {
        "x": 30.5,
        "y": 32.5,
        "z": 0
      }
    },
    "texture": "2441abac-e82c-4de3-87dc-c0481946f3b9@6c48a",
    "packable": true,
    "pixelsToUnit": 100,
    "pivot": {
      "x": 0.5,
      "y": 0.5
    },
    "meshType": 0
  }
}