{
  "__type__": "cc.SpriteFrame",
  "content": {
    "name": "n_1",
    "atlas": "",
    "rect": {
      "x": 8,
      "y": 5,
      "width": 59,
      "height": 65
    },
    "offset": {
      "x": 1.5,
      "y": -1.5
    },
    "originalSize": {
      "width": 72,
      "height": 72
    },
    "rotated": false,
    "capInsets": [
      0,
      0,
      0,
      0
    ],
    "vertices": {
      "rawPosition": [
        -29.5,
        -32.5,
        0,
        29.5,
        -32.5,
        0,
        -29.5,
        32.5,
        0,
        29.5,
        32.5,
        0
      ],
      "indexes": [
        0,
        1,
        2,
        2,
        1,
        3
      ],
      "uv": [
        8,
        67,
        67,
        67,
        8,
        2,
        67,
        2
      ],
      "nuv": [
        0.1111111111111111,
        0.027777777777777776,
        0.9305555555555556,
        0.027777777777777776,
        0.1111111111111111,
        0.9305555555555556,
        0.9305555555555556,
        0.9305555555555556
      ],
      "minPos": {
        "x": -29.5,
        "y": -32.5,
        "z": 0
      },
      "maxPos": {
        "x": 29.5,
        "y": 32.5,
        "z": 0
      }
    },
    "texture": "4f7a98ab-10a2-4b2e-8c44-9a250a9aee6c@6c48a",
    "packable": true,
    "pixelsToUnit": 100,
    "pivot": {
      "x": 0.5,
      "y": 0.5
    },
    "meshType": 0
  }
}